currency,observation_date,yield_2y_pct,unit,source_url
GBP,2023-11-01,4.533733,percent,https://www.bankofengland.co.uk/statistics/yield-curves
GBP,2023-11-02,4.486335,percent,https://www.bankofengland.co.uk/statistics/yield-curves
GBP,2023-11-03,4.433120,percent,https://www.bankofengland.co.uk/statistics/yield-curves
GBP,2023-11-06,4.465345,percent,https://www.bankofengland.co.uk/statistics/yield-curves
GBP,2023-11-07,4.401807,percent,https://www.bankofengland.co.uk/statistics/yield-curves
GBP,2023-11-08,4.392525,percent,https://www.bankofengland.co.uk/statistics/yield-curves
GBP,2023-11-09,4.396953,percent,https://www.bankofengland.co.uk/statistics/yield-curves
GBP,2023-11-10,4.438209,percent,https://www.bankofengland.co.uk/statistics/yield-curves
GBP,2023-11-13,4.455160,percent,https://www.bankofengland.co.uk/statistics/yield-curves
GBP,2023-11-14,4.339739,percent,https://www.bankofengland.co.uk/statistics/yield-curves
GBP,2023-11-15,4.362250,percent,https://www.bankofengland.co.uk/statistics/yield-curves
GBP,2023-11-16,4.282632,percent,https://www.bankofengland.co.uk/statistics/yield-curves
GBP,2023-11-17,4.320507,percent,https://www.bankofengland.co.uk/statistics/yield-curves
GBP,2023-11-20,4.306264,percent,https://www.bankofengland.co.uk/statistics/yield-curves
GBP,2023-11-21,4.326650,percent,https://www.bankofengland.co.uk/statistics/yield-curves
GBP,2023-11-22,4.396273,percent,https://www.bankofengland.co.uk/statistics/yield-curves
GBP,2023-11-23,4.488941,percent,https://www.bankofengland.co.uk/statistics/yield-curves
GBP,2023-11-24,4.505723,percent,https://www.bankofengland.co.uk/statistics/yield-curves
GBP,2023-11-27,4.428882,percent,https://www.bankofengland.co.uk/statistics/yield-curves
GBP,2023-11-28,4.395175,percent,https://www.bankofengland.co.uk/statistics/yield-curves
GBP,2023-11-29,4.319555,percent,https://www.bankofengland.co.uk/statistics/yield-curves
GBP,2023-11-30,4.374739,percent,https://www.bankofengland.co.uk/statistics/yield-curves
GBP,2023-12-01,4.320983,percent,https://www.bankofengland.co.uk/statistics/yield-curves
GBP,2023-12-04,4.368415,percent,https://www.bankofengland.co.uk/statistics/yield-curves
GBP,2023-12-05,4.265150,percent,https://www.bankofengland.co.uk/statistics/yield-curves
GBP,2023-12-06,4.262259,percent,https://www.bankofengland.co.uk/statistics/yield-curves
GBP,2023-12-07,4.282113,percent,https://www.bankofengland.co.uk/statistics/yield-curves
GBP,2023-12-08,4.326342,percent,https://www.bankofengland.co.uk/statistics/yield-curves
GBP,2023-12-11,4.385178,percent,https://www.bankofengland.co.uk/statistics/yield-curves
GBP,2023-12-12,4.298474,percent,https://www.bankofengland.co.uk/statistics/yield-curves
GBP,2023-12-13,4.158436,percent,https://www.bankofengland.co.uk/statistics/yield-curves
GBP,2023-12-14,4.094647,percent,https://www.bankofengland.co.uk/statistics/yield-curves
GBP,2023-12-15,4.054313,percent,https://www.bankofengland.co.uk/statistics/yield-curves
GBP,2023-12-18,4.069302,percent,https://www.bankofengland.co.uk/statistics/yield-curves
GBP,2023-12-19,4.015123,percent,https://www.bankofengland.co.uk/statistics/yield-curves
GBP,2023-12-20,3.859962,percent,https://www.bankofengland.co.uk/statistics/yield-curves
GBP,2023-12-21,3.813345,percent,https://www.bankofengland.co.uk/statistics/yield-curves
GBP,2023-12-22,3.774342,percent,https://www.bankofengland.co.uk/statistics/yield-curves
GBP,2023-12-27,3.728678,percent,https://www.bankofengland.co.uk/statistics/yield-curves
GBP,2023-12-28,3.732091,percent,https://www.bankofengland.co.uk/statistics/yield-curves
GBP,2023-12-29,3.725380,percent,https://www.bankofengland.co.uk/statistics/yield-curves
GBP,2024-01-02,3.798754,percent,https://www.bankofengland.co.uk/statistics/yield-curves
GBP,2024-01-03,3.871365,percent,https://www.bankofengland.co.uk/statistics/yield-curves
GBP,2024-01-04,3.920594,percent,https://www.bankofengland.co.uk/statistics/yield-curves
GBP,2024-01-05,3.957330,percent,https://www.bankofengland.co.uk/statistics/yield-curves
GBP,2024-01-08,3.971633,percent,https://www.bankofengland.co.uk/statistics/yield-curves
GBP,2024-01-09,3.977151,percent,https://www.bankofengland.co.uk/statistics/yield-curves
GBP,2024-01-10,3.967057,percent,https://www.bankofengland.co.uk/statistics/yield-curves
GBP,2024-01-11,3.992103,percent,https://www.bankofengland.co.uk/statistics/yield-curves
GBP,2024-01-12,3.910436,percent,https://www.bankofengland.co.uk/statistics/yield-curves
GBP,2024-01-15,3.915016,percent,https://www.bankofengland.co.uk/statistics/yield-curves
GBP,2024-01-16,3.922681,percent,https://www.bankofengland.co.uk/statistics/yield-curves
GBP,2024-01-17,4.120490,percent,https://www.bankofengland.co.uk/statistics/yield-curves
GBP,2024-01-18,4.067846,percent,https://www.bankofengland.co.uk/statistics/yield-curves
GBP,2024-01-19,4.062188,percent,https://www.bankofengland.co.uk/statistics/yield-curves
GBP,2024-01-22,4.063493,percent,https://www.bankofengland.co.uk/statistics/yield-curves
GBP,2024-01-23,4.151364,percent,https://www.bankofengland.co.uk/statistics/yield-curves
GBP,2024-01-24,4.184302,percent,https://www.bankofengland.co.uk/statistics/yield-curves
GBP,2024-01-25,4.145841,percent,https://www.bankofengland.co.uk/statistics/yield-curves
GBP,2024-01-26,4.124117,percent,https://www.bankofengland.co.uk/statistics/yield-curves
GBP,2024-01-29,4.073313,percent,https://www.bankofengland.co.uk/statistics/yield-curves
GBP,2024-01-30,4.122974,percent,https://www.bankofengland.co.uk/statistics/yield-curves
GBP,2024-01-31,3.992645,percent,https://www.bankofengland.co.uk/statistics/yield-curves
GBP,2024-02-01,3.962849,percent,https://www.bankofengland.co.uk/statistics/yield-curves
GBP,2024-02-02,4.165950,percent,https://www.bankofengland.co.uk/statistics/yield-curves
GBP,2024-02-05,4.278419,percent,https://www.bankofengland.co.uk/statistics/yield-curves
GBP,2024-02-06,4.199529,percent,https://www.bankofengland.co.uk/statistics/yield-curves
GBP,2024-02-07,4.194724,percent,https://www.bankofengland.co.uk/statistics/yield-curves
GBP,2024-02-08,4.278775,percent,https://www.bankofengland.co.uk/statistics/yield-curves
GBP,2024-02-09,4.338985,percent,https://www.bankofengland.co.uk/statistics/yield-curves
GBP,2024-02-12,4.303454,percent,https://www.bankofengland.co.uk/statistics/yield-curves
GBP,2024-02-13,4.414478,percent,https://www.bankofengland.co.uk/statistics/yield-curves
GBP,2024-02-14,4.315221,percent,https://www.bankofengland.co.uk/statistics/yield-curves
GBP,2024-02-15,4.302245,percent,https://www.bankofengland.co.uk/statistics/yield-curves
GBP,2024-02-16,4.362561,percent,https://www.bankofengland.co.uk/statistics/yield-curves
GBP,2024-02-19,4.361359,percent,https://www.bankofengland.co.uk/statistics/yield-curves
GBP,2024-02-20,4.292624,percent,https://www.bankofengland.co.uk/statistics/yield-curves
GBP,2024-02-21,4.339278,percent,https://www.bankofengland.co.uk/statistics/yield-curves
GBP,2024-02-22,4.325822,percent,https://www.bankofengland.co.uk/statistics/yield-curves
GBP,2024-02-23,4.280387,percent,https://www.bankofengland.co.uk/statistics/yield-curves
GBP,2024-02-26,4.316835,percent,https://www.bankofengland.co.uk/statistics/yield-curves
GBP,2024-02-27,4.361178,percent,https://www.bankofengland.co.uk/statistics/yield-curves
GBP,2024-02-28,4.378106,percent,https://www.bankofengland.co.uk/statistics/yield-curves
GBP,2024-02-29,4.324702,percent,https://www.bankofengland.co.uk/statistics/yield-curves
GBP,2024-03-01,4.303676,percent,https://www.bankofengland.co.uk/statistics/yield-curves
GBP,2024-03-04,4.360423,percent,https://www.bankofengland.co.uk/statistics/yield-curves
GBP,2024-03-05,4.311956,percent,https://www.bankofengland.co.uk/statistics/yield-curves
GBP,2024-03-06,4.297217,percent,https://www.bankofengland.co.uk/statistics/yield-curves
GBP,2024-03-07,4.328681,percent,https://www.bankofengland.co.uk/statistics/yield-curves
GBP,2024-03-08,4.285108,percent,https://www.bankofengland.co.uk/statistics/yield-curves
GBP,2024-03-11,4.254452,percent,https://www.bankofengland.co.uk/statistics/yield-curves
GBP,2024-03-12,4.226689,percent,https://www.bankofengland.co.uk/statistics/yield-curves
GBP,2024-03-13,4.271176,percent,https://www.bankofengland.co.uk/statistics/yield-curves
GBP,2024-03-14,4.312234,percent,https://www.bankofengland.co.uk/statistics/yield-curves
GBP,2024-03-15,4.330450,percent,https://www.bankofengland.co.uk/statistics/yield-curves
GBP,2024-03-18,4.304334,percent,https://www.bankofengland.co.uk/statistics/yield-curves
GBP,2024-03-19,4.262607,percent,https://www.bankofengland.co.uk/statistics/yield-curves
GBP,2024-03-20,4.239111,percent,https://www.bankofengland.co.uk/statistics/yield-curves
GBP,2024-03-21,4.180695,percent,https://www.bankofengland.co.uk/statistics/yield-curves
GBP,2024-03-22,4.140088,percent,https://www.bankofengland.co.uk/statistics/yield-curves
GBP,2024-03-25,4.192227,percent,https://www.bankofengland.co.uk/statistics/yield-curves
GBP,2024-03-26,4.192803,percent,https://www.bankofengland.co.uk/statistics/yield-curves
GBP,2024-03-27,4.167156,percent,https://www.bankofengland.co.uk/statistics/yield-curves
GBP,2024-03-28,4.169571,percent,https://www.bankofengland.co.uk/statistics/yield-curves
GBP,2024-04-02,4.245285,percent,https://www.bankofengland.co.uk/statistics/yield-curves
GBP,2024-04-03,4.236726,percent,https://www.bankofengland.co.uk/statistics/yield-curves
GBP,2024-04-04,4.196221,percent,https://www.bankofengland.co.uk/statistics/yield-curves
GBP,2024-04-05,4.246639,percent,https://www.bankofengland.co.uk/statistics/yield-curves
GBP,2024-04-08,4.260847,percent,https://www.bankofengland.co.uk/statistics/yield-curves
GBP,2024-04-09,4.222608,percent,https://www.bankofengland.co.uk/statistics/yield-curves
GBP,2024-04-10,4.347335,percent,https://www.bankofengland.co.uk/statistics/yield-curves
GBP,2024-04-11,4.428541,percent,https://www.bankofengland.co.uk/statistics/yield-curves
GBP,2024-04-12,4.359670,percent,https://www.bankofengland.co.uk/statistics/yield-curves
GBP,2024-04-15,4.427517,percent,https://www.bankofengland.co.uk/statistics/yield-curves
GBP,2024-04-16,4.491144,percent,https://www.bankofengland.co.uk/statistics/yield-curves
GBP,2024-04-17,4.499670,percent,https://www.bankofengland.co.uk/statistics/yield-curves
GBP,2024-04-18,4.477682,percent,https://www.bankofengland.co.uk/statistics/yield-curves
GBP,2024-04-19,4.423572,percent,https://www.bankofengland.co.uk/statistics/yield-curves
GBP,2024-04-22,4.343895,percent,https://www.bankofengland.co.uk/statistics/yield-curves
GBP,2024-04-23,4.394206,percent,https://www.bankofengland.co.uk/statistics/yield-curves
GBP,2024-04-24,4.470739,percent,https://www.bankofengland.co.uk/statistics/yield-curves
GBP,2024-04-25,4.506219,percent,https://www.bankofengland.co.uk/statistics/yield-curves
GBP,2024-04-26,4.500426,percent,https://www.bankofengland.co.uk/statistics/yield-curves
GBP,2024-04-29,4.465413,percent,https://www.bankofengland.co.uk/statistics/yield-curves
GBP,2024-04-30,4.533170,percent,https://www.bankofengland.co.uk/statistics/yield-curves
GBP,2024-05-01,4.542362,percent,https://www.bankofengland.co.uk/statistics/yield-curves
GBP,2024-05-02,4.465468,percent,https://www.bankofengland.co.uk/statistics/yield-curves
GBP,2024-05-03,4.400496,percent,https://www.bankofengland.co.uk/statistics/yield-curves
GBP,2024-05-07,4.342804,percent,https://www.bankofengland.co.uk/statistics/yield-curves
GBP,2024-05-08,4.333470,percent,https://www.bankofengland.co.uk/statistics/yield-curves
GBP,2024-05-09,4.297340,percent,https://www.bankofengland.co.uk/statistics/yield-curves
GBP,2024-05-10,4.334039,percent,https://www.bankofengland.co.uk/statistics/yield-curves
GBP,2024-05-13,4.339006,percent,https://www.bankofengland.co.uk/statistics/yield-curves
GBP,2024-05-14,4.338067,percent,https://www.bankofengland.co.uk/statistics/yield-curves
GBP,2024-05-15,4.261219,percent,https://www.bankofengland.co.uk/statistics/yield-curves
GBP,2024-05-16,4.267622,percent,https://www.bankofengland.co.uk/statistics/yield-curves
GBP,2024-05-17,4.324134,percent,https://www.bankofengland.co.uk/statistics/yield-curves
GBP,2024-05-20,4.354005,percent,https://www.bankofengland.co.uk/statistics/yield-curves
GBP,2024-05-21,4.332091,percent,https://www.bankofengland.co.uk/statistics/yield-curves
GBP,2024-05-22,4.455421,percent,https://www.bankofengland.co.uk/statistics/yield-curves
GBP,2024-05-23,4.522475,percent,https://www.bankofengland.co.uk/statistics/yield-curves
GBP,2024-05-24,4.510306,percent,https://www.bankofengland.co.uk/statistics/yield-curves
GBP,2024-05-28,4.509136,percent,https://www.bankofengland.co.uk/statistics/yield-curves
GBP,2024-05-29,4.578423,percent,https://www.bankofengland.co.uk/statistics/yield-curves
GBP,2024-05-30,4.524510,percent,https://www.bankofengland.co.uk/statistics/yield-curves
GBP,2024-05-31,4.472636,percent,https://www.bankofengland.co.uk/statistics/yield-curves
GBP,2024-06-03,4.429544,percent,https://www.bankofengland.co.uk/statistics/yield-curves
GBP,2024-06-04,4.422139,percent,https://www.bankofengland.co.uk/statistics/yield-curves
GBP,2024-06-05,4.431156,percent,https://www.bankofengland.co.uk/statistics/yield-curves
GBP,2024-06-06,4.386370,percent,https://www.bankofengland.co.uk/statistics/yield-curves
GBP,2024-06-07,4.449007,percent,https://www.bankofengland.co.uk/statistics/yield-curves
GBP,2024-06-10,4.484884,percent,https://www.bankofengland.co.uk/statistics/yield-curves
GBP,2024-06-11,4.432431,percent,https://www.bankofengland.co.uk/statistics/yield-curves
GBP,2024-06-12,4.330332,percent,https://www.bankofengland.co.uk/statistics/yield-curves
GBP,2024-06-13,4.350439,percent,https://www.bankofengland.co.uk/statistics/yield-curves
GBP,2024-06-14,4.279424,percent,https://www.bankofengland.co.uk/statistics/yield-curves
GBP,2024-06-17,4.315449,percent,https://www.bankofengland.co.uk/statistics/yield-curves
GBP,2024-06-18,4.266049,percent,https://www.bankofengland.co.uk/statistics/yield-curves
GBP,2024-06-19,4.285698,percent,https://www.bankofengland.co.uk/statistics/yield-curves
GBP,2024-06-20,4.238465,percent,https://www.bankofengland.co.uk/statistics/yield-curves
GBP,2024-06-21,4.252971,percent,https://www.bankofengland.co.uk/statistics/yield-curves
GBP,2024-06-24,4.271592,percent,https://www.bankofengland.co.uk/statistics/yield-curves
GBP,2024-06-25,4.270041,percent,https://www.bankofengland.co.uk/statistics/yield-curves
GBP,2024-06-26,4.327835,percent,https://www.bankofengland.co.uk/statistics/yield-curves
GBP,2024-06-27,4.324076,percent,https://www.bankofengland.co.uk/statistics/yield-curves
GBP,2024-06-28,4.329072,percent,https://www.bankofengland.co.uk/statistics/yield-curves
GBP,2024-07-01,4.362692,percent,https://www.bankofengland.co.uk/statistics/yield-curves
GBP,2024-07-02,4.359908,percent,https://www.bankofengland.co.uk/statistics/yield-curves
GBP,2024-07-03,4.308779,percent,https://www.bankofengland.co.uk/statistics/yield-curves
GBP,2024-07-04,4.336982,percent,https://www.bankofengland.co.uk/statistics/yield-curves
GBP,2024-07-05,4.277988,percent,https://www.bankofengland.co.uk/statistics/yield-curves
GBP,2024-07-08,4.267358,percent,https://www.bankofengland.co.uk/statistics/yield-curves
GBP,2024-07-09,4.291319,percent,https://www.bankofengland.co.uk/statistics/yield-curves
GBP,2024-07-10,4.275580,percent,https://www.bankofengland.co.uk/statistics/yield-curves
GBP,2024-07-11,4.216767,percent,https://www.bankofengland.co.uk/statistics/yield-curves
GBP,2024-07-12,4.229851,percent,https://www.bankofengland.co.uk/statistics/yield-curves
GBP,2024-07-15,4.211751,percent,https://www.bankofengland.co.uk/statistics/yield-curves
GBP,2024-07-16,4.177392,percent,https://www.bankofengland.co.uk/statistics/yield-curves
GBP,2024-07-17,4.206090,percent,https://www.bankofengland.co.uk/statistics/yield-curves
GBP,2024-07-18,4.160491,percent,https://www.bankofengland.co.uk/statistics/yield-curves
GBP,2024-07-19,4.192847,percent,https://www.bankofengland.co.uk/statistics/yield-curves
GBP,2024-07-22,4.232702,percent,https://www.bankofengland.co.uk/statistics/yield-curves
GBP,2024-07-23,4.220354,percent,https://www.bankofengland.co.uk/statistics/yield-curves
GBP,2024-07-24,4.167606,percent,https://www.bankofengland.co.uk/statistics/yield-curves
GBP,2024-07-25,4.137120,percent,https://www.bankofengland.co.uk/statistics/yield-curves
GBP,2024-07-26,4.118885,percent,https://www.bankofengland.co.uk/statistics/yield-curves
GBP,2024-07-29,4.077926,percent,https://www.bankofengland.co.uk/statistics/yield-curves
GBP,2024-07-30,4.074911,percent,https://www.bankofengland.co.uk/statistics/yield-curves
GBP,2024-07-31,4.024811,percent,https://www.bankofengland.co.uk/statistics/yield-curves
GBP,2024-08-01,3.924872,percent,https://www.bankofengland.co.uk/statistics/yield-curves
GBP,2024-08-02,3.849842,percent,https://www.bankofengland.co.uk/statistics/yield-curves
GBP,2024-08-05,3.836723,percent,https://www.bankofengland.co.uk/statistics/yield-curves
GBP,2024-08-06,3.892855,percent,https://www.bankofengland.co.uk/statistics/yield-curves
GBP,2024-08-07,3.909030,percent,https://www.bankofengland.co.uk/statistics/yield-curves
GBP,2024-08-08,3.904282,percent,https://www.bankofengland.co.uk/statistics/yield-curves
GBP,2024-08-09,3.899274,percent,https://www.bankofengland.co.uk/statistics/yield-curves
GBP,2024-08-12,3.903385,percent,https://www.bankofengland.co.uk/statistics/yield-curves
GBP,2024-08-13,3.853016,percent,https://www.bankofengland.co.uk/statistics/yield-curves
GBP,2024-08-14,3.814132,percent,https://www.bankofengland.co.uk/statistics/yield-curves
GBP,2024-08-15,3.907623,percent,https://www.bankofengland.co.uk/statistics/yield-curves
GBP,2024-08-16,3.935175,percent,https://www.bankofengland.co.uk/statistics/yield-curves
GBP,2024-08-19,3.969619,percent,https://www.bankofengland.co.uk/statistics/yield-curves
GBP,2024-08-20,3.945452,percent,https://www.bankofengland.co.uk/statistics/yield-curves
GBP,2024-08-21,3.929068,percent,https://www.bankofengland.co.uk/statistics/yield-curves
GBP,2024-08-22,3.978322,percent,https://www.bankofengland.co.uk/statistics/yield-curves
GBP,2024-08-23,3.928210,percent,https://www.bankofengland.co.uk/statistics/yield-curves
GBP,2024-08-27,3.968484,percent,https://www.bankofengland.co.uk/statistics/yield-curves
GBP,2024-08-28,3.974868,percent,https://www.bankofengland.co.uk/statistics/yield-curves
GBP,2024-08-29,3.975253,percent,https://www.bankofengland.co.uk/statistics/yield-curves
GBP,2024-08-30,3.956992,percent,https://www.bankofengland.co.uk/statistics/yield-curves
GBP,2024-09-02,3.973632,percent,https://www.bankofengland.co.uk/statistics/yield-curves
GBP,2024-09-03,3.942818,percent,https://www.bankofengland.co.uk/statistics/yield-curves
GBP,2024-09-04,3.885196,percent,https://www.bankofengland.co.uk/statistics/yield-curves
GBP,2024-09-05,3.871921,percent,https://www.bankofengland.co.uk/statistics/yield-curves
GBP,2024-09-06,3.815298,percent,https://www.bankofengland.co.uk/statistics/yield-curves
GBP,2024-09-09,3.755712,percent,https://www.bankofengland.co.uk/statistics/yield-curves
GBP,2024-09-10,3.747489,percent,https://www.bankofengland.co.uk/statistics/yield-curves
GBP,2024-09-11,3.659727,percent,https://www.bankofengland.co.uk/statistics/yield-curves
GBP,2024-09-12,3.702182,percent,https://www.bankofengland.co.uk/statistics/yield-curves
GBP,2024-09-13,3.684432,percent,https://www.bankofengland.co.uk/statistics/yield-curves
GBP,2024-09-16,3.661032,percent,https://www.bankofengland.co.uk/statistics/yield-curves
GBP,2024-09-17,3.698162,percent,https://www.bankofengland.co.uk/statistics/yield-curves
GBP,2024-09-18,3.768577,percent,https://www.bankofengland.co.uk/statistics/yield-curves
GBP,2024-09-19,3.785665,percent,https://www.bankofengland.co.uk/statistics/yield-curves
GBP,2024-09-20,3.803804,percent,https://www.bankofengland.co.uk/statistics/yield-curves
GBP,2024-09-23,3.798374,percent,https://www.bankofengland.co.uk/statistics/yield-curves
GBP,2024-09-24,3.775438,percent,https://www.bankofengland.co.uk/statistics/yield-curves
GBP,2024-09-25,3.819290,percent,https://www.bankofengland.co.uk/statistics/yield-curves
GBP,2024-09-26,3.794238,percent,https://www.bankofengland.co.uk/statistics/yield-curves
GBP,2024-09-27,3.803897,percent,https://www.bankofengland.co.uk/statistics/yield-curves
GBP,2024-09-30,3.845249,percent,https://www.bankofengland.co.uk/statistics/yield-curves
GBP,2024-10-01,3.815461,percent,https://www.bankofengland.co.uk/statistics/yield-curves
GBP,2024-10-02,3.873433,percent,https://www.bankofengland.co.uk/statistics/yield-curves
GBP,2024-10-03,3.807048,percent,https://www.bankofengland.co.uk/statistics/yield-curves
GBP,2024-10-04,3.963122,percent,https://www.bankofengland.co.uk/statistics/yield-curves
GBP,2024-10-07,4.032203,percent,https://www.bankofengland.co.uk/statistics/yield-curves
GBP,2024-10-08,3.999669,percent,https://www.bankofengland.co.uk/statistics/yield-curves
GBP,2024-10-09,3.996570,percent,https://www.bankofengland.co.uk/statistics/yield-curves
GBP,2024-10-10,3.995209,percent,https://www.bankofengland.co.uk/statistics/yield-curves
GBP,2024-10-11,3.975524,percent,https://www.bankofengland.co.uk/statistics/yield-curves
GBP,2024-10-14,3.965947,percent,https://www.bankofengland.co.uk/statistics/yield-curves
GBP,2024-10-15,3.916087,percent,https://www.bankofengland.co.uk/statistics/yield-curves
GBP,2024-10-16,3.798278,percent,https://www.bankofengland.co.uk/statistics/yield-curves
GBP,2024-10-17,3.827903,percent,https://www.bankofengland.co.uk/statistics/yield-curves
GBP,2024-10-18,3.800024,percent,https://www.bankofengland.co.uk/statistics/yield-curves
GBP,2024-10-21,3.835341,percent,https://www.bankofengland.co.uk/statistics/yield-curves
GBP,2024-10-22,3.862068,percent,https://www.bankofengland.co.uk/statistics/yield-curves
GBP,2024-10-23,3.884624,percent,https://www.bankofengland.co.uk/statistics/yield-curves
GBP,2024-10-24,3.906813,percent,https://www.bankofengland.co.uk/statistics/yield-curves
GBP,2024-10-25,3.936170,percent,https://www.bankofengland.co.uk/statistics/yield-curves
GBP,2024-10-28,4.001617,percent,https://www.bankofengland.co.uk/statistics/yield-curves
GBP,2024-10-29,4.050074,percent,https://www.bankofengland.co.uk/statistics/yield-curves
GBP,2024-10-30,4.122720,percent,https://www.bankofengland.co.uk/statistics/yield-curves
GBP,2024-10-31,4.242022,percent,https://www.bankofengland.co.uk/statistics/yield-curves
GBP,2024-11-01,4.249239,percent,https://www.bankofengland.co.uk/statistics/yield-curves
GBP,2024-11-04,4.242031,percent,https://www.bankofengland.co.uk/statistics/yield-curves
GBP,2024-11-05,4.314804,percent,https://www.bankofengland.co.uk/statistics/yield-curves
GBP,2024-11-06,4.309964,percent,https://www.bankofengland.co.uk/statistics/yield-curves
GBP,2024-11-07,4.250237,percent,https://www.bankofengland.co.uk/statistics/yield-curves
GBP,2024-11-08,4.231184,percent,https://www.bankofengland.co.uk/statistics/yield-curves
GBP,2024-11-11,4.216774,percent,https://www.bankofengland.co.uk/statistics/yield-curves
GBP,2024-11-12,4.272308,percent,https://www.bankofengland.co.uk/statistics/yield-curves
GBP,2024-11-13,4.281464,percent,https://www.bankofengland.co.uk/statistics/yield-curves
GBP,2024-11-14,4.221791,percent,https://www.bankofengland.co.uk/statistics/yield-curves
GBP,2024-11-15,4.201109,percent,https://www.bankofengland.co.uk/statistics/yield-curves
GBP,2024-11-18,4.221148,percent,https://www.bankofengland.co.uk/statistics/yield-curves
GBP,2024-11-19,4.210149,percent,https://www.bankofengland.co.uk/statistics/yield-curves
GBP,2024-11-20,4.222610,percent,https://www.bankofengland.co.uk/statistics/yield-curves
GBP,2024-11-21,4.196142,percent,https://www.bankofengland.co.uk/statistics/yield-curves
GBP,2024-11-22,4.155916,percent,https://www.bankofengland.co.uk/statistics/yield-curves
GBP,2024-11-25,4.138257,percent,https://www.bankofengland.co.uk/statistics/yield-curves
GBP,2024-11-26,4.154687,percent,https://www.bankofengland.co.uk/statistics/yield-curves
GBP,2024-11-27,4.146294,percent,https://www.bankofengland.co.uk/statistics/yield-curves
GBP,2024-11-28,4.113689,percent,https://www.bankofengland.co.uk/statistics/yield-curves
GBP,2024-11-29,4.070196,percent,https://www.bankofengland.co.uk/statistics/yield-curves
GBP,2024-12-02,4.041841,percent,https://www.bankofengland.co.uk/statistics/yield-curves
GBP,2024-12-03,4.057501,percent,https://www.bankofengland.co.uk/statistics/yield-curves
GBP,2024-12-04,4.040215,percent,https://www.bankofengland.co.uk/statistics/yield-curves
GBP,2024-12-05,4.084914,percent,https://www.bankofengland.co.uk/statistics/yield-curves
GBP,2024-12-06,4.092004,percent,https://www.bankofengland.co.uk/statistics/yield-curves
GBP,2024-12-09,4.062700,percent,https://www.bankofengland.co.uk/statistics/yield-curves
GBP,2024-12-10,4.085707,percent,https://www.bankofengland.co.uk/statistics/yield-curves
GBP,2024-12-11,4.063360,percent,https://www.bankofengland.co.uk/statistics/yield-curves
GBP,2024-12-12,4.055180,percent,https://www.bankofengland.co.uk/statistics/yield-curves
GBP,2024-12-13,4.100386,percent,https://www.bankofengland.co.uk/statistics/yield-curves
GBP,2024-12-16,4.142690,percent,https://www.bankofengland.co.uk/statistics/yield-curves
GBP,2024-12-17,4.246355,percent,https://www.bankofengland.co.uk/statistics/yield-curves
GBP,2024-12-18,4.257558,percent,https://www.bankofengland.co.uk/statistics/yield-curves
GBP,2024-12-19,4.225346,percent,https://www.bankofengland.co.uk/statistics/yield-curves
GBP,2024-12-20,4.167410,percent,https://www.bankofengland.co.uk/statistics/yield-curves
GBP,2024-12-23,4.209472,percent,https://www.bankofengland.co.uk/statistics/yield-curves
GBP,2024-12-24,4.241383,percent,https://www.bankofengland.co.uk/statistics/yield-curves
GBP,2024-12-27,4.256619,percent,https://www.bankofengland.co.uk/statistics/yield-curves
GBP,2024-12-30,4.232091,percent,https://www.bankofengland.co.uk/statistics/yield-curves
GBP,2024-12-31,4.198336,percent,https://www.bankofengland.co.uk/statistics/yield-curves
USD,2023-11-01,4.950000,percent,https://home.treasury.gov/resource-center/data-chart-center/interest-rates/daily-treasury-rates.csv/2023/all?type=daily_treasury_yield_curve&field_tdr_date_value=2023&page&_format=csv
USD,2023-11-02,4.980000,percent,https://home.treasury.gov/resource-center/data-chart-center/interest-rates/daily-treasury-rates.csv/2023/all?type=daily_treasury_yield_curve&field_tdr_date_value=2023&page&_format=csv
USD,2023-11-03,4.830000,percent,https://home.treasury.gov/resource-center/data-chart-center/interest-rates/daily-treasury-rates.csv/2023/all?type=daily_treasury_yield_curve&field_tdr_date_value=2023&page&_format=csv
USD,2023-11-06,4.930000,percent,https://home.treasury.gov/resource-center/data-chart-center/interest-rates/daily-treasury-rates.csv/2023/all?type=daily_treasury_yield_curve&field_tdr_date_value=2023&page&_format=csv
USD,2023-11-07,4.910000,percent,https://home.treasury.gov/resource-center/data-chart-center/interest-rates/daily-treasury-rates.csv/2023/all?type=daily_treasury_yield_curve&field_tdr_date_value=2023&page&_format=csv
USD,2023-11-08,4.930000,percent,https://home.treasury.gov/resource-center/data-chart-center/interest-rates/daily-treasury-rates.csv/2023/all?type=daily_treasury_yield_curve&field_tdr_date_value=2023&page&_format=csv
USD,2023-11-09,5.030000,percent,https://home.treasury.gov/resource-center/data-chart-center/interest-rates/daily-treasury-rates.csv/2023/all?type=daily_treasury_yield_curve&field_tdr_date_value=2023&page&_format=csv
USD,2023-11-10,5.040000,percent,https://home.treasury.gov/resource-center/data-chart-center/interest-rates/daily-treasury-rates.csv/2023/all?type=daily_treasury_yield_curve&field_tdr_date_value=2023&page&_format=csv
USD,2023-11-13,5.020000,percent,https://home.treasury.gov/resource-center/data-chart-center/interest-rates/daily-treasury-rates.csv/2023/all?type=daily_treasury_yield_curve&field_tdr_date_value=2023&page&_format=csv
USD,2023-11-14,4.800000,percent,https://home.treasury.gov/resource-center/data-chart-center/interest-rates/daily-treasury-rates.csv/2023/all?type=daily_treasury_yield_curve&field_tdr_date_value=2023&page&_format=csv
USD,2023-11-15,4.900000,percent,https://home.treasury.gov/resource-center/data-chart-center/interest-rates/daily-treasury-rates.csv/2023/all?type=daily_treasury_yield_curve&field_tdr_date_value=2023&page&_format=csv
USD,2023-11-16,4.830000,percent,https://home.treasury.gov/resource-center/data-chart-center/interest-rates/daily-treasury-rates.csv/2023/all?type=daily_treasury_yield_curve&field_tdr_date_value=2023&page&_format=csv
USD,2023-11-17,4.880000,percent,https://home.treasury.gov/resource-center/data-chart-center/interest-rates/daily-treasury-rates.csv/2023/all?type=daily_treasury_yield_curve&field_tdr_date_value=2023&page&_format=csv
USD,2023-11-20,4.890000,percent,https://home.treasury.gov/resource-center/data-chart-center/interest-rates/daily-treasury-rates.csv/2023/all?type=daily_treasury_yield_curve&field_tdr_date_value=2023&page&_format=csv
USD,2023-11-21,4.860000,percent,https://home.treasury.gov/resource-center/data-chart-center/interest-rates/daily-treasury-rates.csv/2023/all?type=daily_treasury_yield_curve&field_tdr_date_value=2023&page&_format=csv
USD,2023-11-22,4.890000,percent,https://home.treasury.gov/resource-center/data-chart-center/interest-rates/daily-treasury-rates.csv/2023/all?type=daily_treasury_yield_curve&field_tdr_date_value=2023&page&_format=csv
USD,2023-11-24,4.920000,percent,https://home.treasury.gov/resource-center/data-chart-center/interest-rates/daily-treasury-rates.csv/2023/all?type=daily_treasury_yield_curve&field_tdr_date_value=2023&page&_format=csv
USD,2023-11-27,4.840000,percent,https://home.treasury.gov/resource-center/data-chart-center/interest-rates/daily-treasury-rates.csv/2023/all?type=daily_treasury_yield_curve&field_tdr_date_value=2023&page&_format=csv
USD,2023-11-28,4.730000,percent,https://home.treasury.gov/resource-center/data-chart-center/interest-rates/daily-treasury-rates.csv/2023/all?type=daily_treasury_yield_curve&field_tdr_date_value=2023&page&_format=csv
USD,2023-11-29,4.640000,percent,https://home.treasury.gov/resource-center/data-chart-center/interest-rates/daily-treasury-rates.csv/2023/all?type=daily_treasury_yield_curve&field_tdr_date_value=2023&page&_format=csv
USD,2023-11-30,4.730000,percent,https://home.treasury.gov/resource-center/data-chart-center/interest-rates/daily-treasury-rates.csv/2023/all?type=daily_treasury_yield_curve&field_tdr_date_value=2023&page&_format=csv
USD,2023-12-01,4.560000,percent,https://home.treasury.gov/resource-center/data-chart-center/interest-rates/daily-treasury-rates.csv/2023/all?type=daily_treasury_yield_curve&field_tdr_date_value=2023&page&_format=csv
USD,2023-12-04,4.640000,percent,https://home.treasury.gov/resource-center/data-chart-center/interest-rates/daily-treasury-rates.csv/2023/all?type=daily_treasury_yield_curve&field_tdr_date_value=2023&page&_format=csv
USD,2023-12-05,4.570000,percent,https://home.treasury.gov/resource-center/data-chart-center/interest-rates/daily-treasury-rates.csv/2023/all?type=daily_treasury_yield_curve&field_tdr_date_value=2023&page&_format=csv
USD,2023-12-06,4.600000,percent,https://home.treasury.gov/resource-center/data-chart-center/interest-rates/daily-treasury-rates.csv/2023/all?type=daily_treasury_yield_curve&field_tdr_date_value=2023&page&_format=csv
USD,2023-12-07,4.580000,percent,https://home.treasury.gov/resource-center/data-chart-center/interest-rates/daily-treasury-rates.csv/2023/all?type=daily_treasury_yield_curve&field_tdr_date_value=2023&page&_format=csv
USD,2023-12-08,4.710000,percent,https://home.treasury.gov/resource-center/data-chart-center/interest-rates/daily-treasury-rates.csv/2023/all?type=daily_treasury_yield_curve&field_tdr_date_value=2023&page&_format=csv
USD,2023-12-11,4.710000,percent,https://home.treasury.gov/resource-center/data-chart-center/interest-rates/daily-treasury-rates.csv/2023/all?type=daily_treasury_yield_curve&field_tdr_date_value=2023&page&_format=csv
USD,2023-12-12,4.730000,percent,https://home.treasury.gov/resource-center/data-chart-center/interest-rates/daily-treasury-rates.csv/2023/all?type=daily_treasury_yield_curve&field_tdr_date_value=2023&page&_format=csv
USD,2023-12-13,4.460000,percent,https://home.treasury.gov/resource-center/data-chart-center/interest-rates/daily-treasury-rates.csv/2023/all?type=daily_treasury_yield_curve&field_tdr_date_value=2023&page&_format=csv
USD,2023-12-14,4.370000,percent,https://home.treasury.gov/resource-center/data-chart-center/interest-rates/daily-treasury-rates.csv/2023/all?type=daily_treasury_yield_curve&field_tdr_date_value=2023&page&_format=csv
USD,2023-12-15,4.440000,percent,https://home.treasury.gov/resource-center/data-chart-center/interest-rates/daily-treasury-rates.csv/2023/all?type=daily_treasury_yield_curve&field_tdr_date_value=2023&page&_format=csv
USD,2023-12-18,4.430000,percent,https://home.treasury.gov/resource-center/data-chart-center/interest-rates/daily-treasury-rates.csv/2023/all?type=daily_treasury_yield_curve&field_tdr_date_value=2023&page&_format=csv
USD,2023-12-19,4.410000,percent,https://home.treasury.gov/resource-center/data-chart-center/interest-rates/daily-treasury-rates.csv/2023/all?type=daily_treasury_yield_curve&field_tdr_date_value=2023&page&_format=csv
USD,2023-12-20,4.340000,percent,https://home.treasury.gov/resource-center/data-chart-center/interest-rates/daily-treasury-rates.csv/2023/all?type=daily_treasury_yield_curve&field_tdr_date_value=2023&page&_format=csv
USD,2023-12-21,4.330000,percent,https://home.treasury.gov/resource-center/data-chart-center/interest-rates/daily-treasury-rates.csv/2023/all?type=daily_treasury_yield_curve&field_tdr_date_value=2023&page&_format=csv
USD,2023-12-22,4.310000,percent,https://home.treasury.gov/resource-center/data-chart-center/interest-rates/daily-treasury-rates.csv/2023/all?type=daily_treasury_yield_curve&field_tdr_date_value=2023&page&_format=csv
USD,2023-12-26,4.260000,percent,https://home.treasury.gov/resource-center/data-chart-center/interest-rates/daily-treasury-rates.csv/2023/all?type=daily_treasury_yield_curve&field_tdr_date_value=2023&page&_format=csv
USD,2023-12-27,4.200000,percent,https://home.treasury.gov/resource-center/data-chart-center/interest-rates/daily-treasury-rates.csv/2023/all?type=daily_treasury_yield_curve&field_tdr_date_value=2023&page&_format=csv
USD,2023-12-28,4.260000,percent,https://home.treasury.gov/resource-center/data-chart-center/interest-rates/daily-treasury-rates.csv/2023/all?type=daily_treasury_yield_curve&field_tdr_date_value=2023&page&_format=csv
USD,2023-12-29,4.230000,percent,https://home.treasury.gov/resource-center/data-chart-center/interest-rates/daily-treasury-rates.csv/2023/all?type=daily_treasury_yield_curve&field_tdr_date_value=2023&page&_format=csv
USD,2024-01-02,4.330000,percent,https://home.treasury.gov/resource-center/data-chart-center/interest-rates/daily-treasury-rates.csv/2024/all?type=daily_treasury_yield_curve&field_tdr_date_value=2024&page&_format=csv
USD,2024-01-03,4.330000,percent,https://home.treasury.gov/resource-center/data-chart-center/interest-rates/daily-treasury-rates.csv/2024/all?type=daily_treasury_yield_curve&field_tdr_date_value=2024&page&_format=csv
USD,2024-01-04,4.380000,percent,https://home.treasury.gov/resource-center/data-chart-center/interest-rates/daily-treasury-rates.csv/2024/all?type=daily_treasury_yield_curve&field_tdr_date_value=2024&page&_format=csv
USD,2024-01-05,4.400000,percent,https://home.treasury.gov/resource-center/data-chart-center/interest-rates/daily-treasury-rates.csv/2024/all?type=daily_treasury_yield_curve&field_tdr_date_value=2024&page&_format=csv
USD,2024-01-08,4.360000,percent,https://home.treasury.gov/resource-center/data-chart-center/interest-rates/daily-treasury-rates.csv/2024/all?type=daily_treasury_yield_curve&field_tdr_date_value=2024&page&_format=csv
USD,2024-01-09,4.360000,percent,https://home.treasury.gov/resource-center/data-chart-center/interest-rates/daily-treasury-rates.csv/2024/all?type=daily_treasury_yield_curve&field_tdr_date_value=2024&page&_format=csv
USD,2024-01-10,4.370000,percent,https://home.treasury.gov/resource-center/data-chart-center/interest-rates/daily-treasury-rates.csv/2024/all?type=daily_treasury_yield_curve&field_tdr_date_value=2024&page&_format=csv
USD,2024-01-11,4.260000,percent,https://home.treasury.gov/resource-center/data-chart-center/interest-rates/daily-treasury-rates.csv/2024/all?type=daily_treasury_yield_curve&field_tdr_date_value=2024&page&_format=csv
USD,2024-01-12,4.140000,percent,https://home.treasury.gov/resource-center/data-chart-center/interest-rates/daily-treasury-rates.csv/2024/all?type=daily_treasury_yield_curve&field_tdr_date_value=2024&page&_format=csv
USD,2024-01-16,4.220000,percent,https://home.treasury.gov/resource-center/data-chart-center/interest-rates/daily-treasury-rates.csv/2024/all?type=daily_treasury_yield_curve&field_tdr_date_value=2024&page&_format=csv
USD,2024-01-17,4.340000,percent,https://home.treasury.gov/resource-center/data-chart-center/interest-rates/daily-treasury-rates.csv/2024/all?type=daily_treasury_yield_curve&field_tdr_date_value=2024&page&_format=csv
USD,2024-01-18,4.340000,percent,https://home.treasury.gov/resource-center/data-chart-center/interest-rates/daily-treasury-rates.csv/2024/all?type=daily_treasury_yield_curve&field_tdr_date_value=2024&page&_format=csv
USD,2024-01-19,4.390000,percent,https://home.treasury.gov/resource-center/data-chart-center/interest-rates/daily-treasury-rates.csv/2024/all?type=daily_treasury_yield_curve&field_tdr_date_value=2024&page&_format=csv
USD,2024-01-22,4.370000,percent,https://home.treasury.gov/resource-center/data-chart-center/interest-rates/daily-treasury-rates.csv/2024/all?type=daily_treasury_yield_curve&field_tdr_date_value=2024&page&_format=csv
USD,2024-01-23,4.310000,percent,https://home.treasury.gov/resource-center/data-chart-center/interest-rates/daily-treasury-rates.csv/2024/all?type=daily_treasury_yield_curve&field_tdr_date_value=2024&page&_format=csv
USD,2024-01-24,4.340000,percent,https://home.treasury.gov/resource-center/data-chart-center/interest-rates/daily-treasury-rates.csv/2024/all?type=daily_treasury_yield_curve&field_tdr_date_value=2024&page&_format=csv
USD,2024-01-25,4.280000,percent,https://home.treasury.gov/resource-center/data-chart-center/interest-rates/daily-treasury-rates.csv/2024/all?type=daily_treasury_yield_curve&field_tdr_date_value=2024&page&_format=csv
USD,2024-01-26,4.340000,percent,https://home.treasury.gov/resource-center/data-chart-center/interest-rates/daily-treasury-rates.csv/2024/all?type=daily_treasury_yield_curve&field_tdr_date_value=2024&page&_format=csv
USD,2024-01-29,4.290000,percent,https://home.treasury.gov/resource-center/data-chart-center/interest-rates/daily-treasury-rates.csv/2024/all?type=daily_treasury_yield_curve&field_tdr_date_value=2024&page&_format=csv
USD,2024-01-30,4.360000,percent,https://home.treasury.gov/resource-center/data-chart-center/interest-rates/daily-treasury-rates.csv/2024/all?type=daily_treasury_yield_curve&field_tdr_date_value=2024&page&_format=csv
USD,2024-01-31,4.270000,percent,https://home.treasury.gov/resource-center/data-chart-center/interest-rates/daily-treasury-rates.csv/2024/all?type=daily_treasury_yield_curve&field_tdr_date_value=2024&page&_format=csv
USD,2024-02-01,4.200000,percent,https://home.treasury.gov/resource-center/data-chart-center/interest-rates/daily-treasury-rates.csv/2024/all?type=daily_treasury_yield_curve&field_tdr_date_value=2024&page&_format=csv
USD,2024-02-02,4.360000,percent,https://home.treasury.gov/resource-center/data-chart-center/interest-rates/daily-treasury-rates.csv/2024/all?type=daily_treasury_yield_curve&field_tdr_date_value=2024&page&_format=csv
USD,2024-02-05,4.460000,percent,https://home.treasury.gov/resource-center/data-chart-center/interest-rates/daily-treasury-rates.csv/2024/all?type=daily_treasury_yield_curve&field_tdr_date_value=2024&page&_format=csv
USD,2024-02-06,4.390000,percent,https://home.treasury.gov/resource-center/data-chart-center/interest-rates/daily-treasury-rates.csv/2024/all?type=daily_treasury_yield_curve&field_tdr_date_value=2024&page&_format=csv
USD,2024-02-07,4.410000,percent,https://home.treasury.gov/resource-center/data-chart-center/interest-rates/daily-treasury-rates.csv/2024/all?type=daily_treasury_yield_curve&field_tdr_date_value=2024&page&_format=csv
USD,2024-02-08,4.460000,percent,https://home.treasury.gov/resource-center/data-chart-center/interest-rates/daily-treasury-rates.csv/2024/all?type=daily_treasury_yield_curve&field_tdr_date_value=2024&page&_format=csv
USD,2024-02-09,4.480000,percent,https://home.treasury.gov/resource-center/data-chart-center/interest-rates/daily-treasury-rates.csv/2024/all?type=daily_treasury_yield_curve&field_tdr_date_value=2024&page&_format=csv
USD,2024-02-12,4.460000,percent,https://home.treasury.gov/resource-center/data-chart-center/interest-rates/daily-treasury-rates.csv/2024/all?type=daily_treasury_yield_curve&field_tdr_date_value=2024&page&_format=csv
USD,2024-02-13,4.640000,percent,https://home.treasury.gov/resource-center/data-chart-center/interest-rates/daily-treasury-rates.csv/2024/all?type=daily_treasury_yield_curve&field_tdr_date_value=2024&page&_format=csv
USD,2024-02-14,4.560000,percent,https://home.treasury.gov/resource-center/data-chart-center/interest-rates/daily-treasury-rates.csv/2024/all?type=daily_treasury_yield_curve&field_tdr_date_value=2024&page&_format=csv
USD,2024-02-15,4.560000,percent,https://home.treasury.gov/resource-center/data-chart-center/interest-rates/daily-treasury-rates.csv/2024/all?type=daily_treasury_yield_curve&field_tdr_date_value=2024&page&_format=csv
USD,2024-02-16,4.640000,percent,https://home.treasury.gov/resource-center/data-chart-center/interest-rates/daily-treasury-rates.csv/2024/all?type=daily_treasury_yield_curve&field_tdr_date_value=2024&page&_format=csv
USD,2024-02-20,4.590000,percent,https://home.treasury.gov/resource-center/data-chart-center/interest-rates/daily-treasury-rates.csv/2024/all?type=daily_treasury_yield_curve&field_tdr_date_value=2024&page&_format=csv
USD,2024-02-21,4.640000,percent,https://home.treasury.gov/resource-center/data-chart-center/interest-rates/daily-treasury-rates.csv/2024/all?type=daily_treasury_yield_curve&field_tdr_date_value=2024&page&_format=csv
USD,2024-02-22,4.690000,percent,https://home.treasury.gov/resource-center/data-chart-center/interest-rates/daily-treasury-rates.csv/2024/all?type=daily_treasury_yield_curve&field_tdr_date_value=2024&page&_format=csv
USD,2024-02-23,4.670000,percent,https://home.treasury.gov/resource-center/data-chart-center/interest-rates/daily-treasury-rates.csv/2024/all?type=daily_treasury_yield_curve&field_tdr_date_value=2024&page&_format=csv
USD,2024-02-26,4.690000,percent,https://home.treasury.gov/resource-center/data-chart-center/interest-rates/daily-treasury-rates.csv/2024/all?type=daily_treasury_yield_curve&field_tdr_date_value=2024&page&_format=csv
USD,2024-02-27,4.700000,percent,https://home.treasury.gov/resource-center/data-chart-center/interest-rates/daily-treasury-rates.csv/2024/all?type=daily_treasury_yield_curve&field_tdr_date_value=2024&page&_format=csv
USD,2024-02-28,4.640000,percent,https://home.treasury.gov/resource-center/data-chart-center/interest-rates/daily-treasury-rates.csv/2024/all?type=daily_treasury_yield_curve&field_tdr_date_value=2024&page&_format=csv
USD,2024-02-29,4.640000,percent,https://home.treasury.gov/resource-center/data-chart-center/interest-rates/daily-treasury-rates.csv/2024/all?type=daily_treasury_yield_curve&field_tdr_date_value=2024&page&_format=csv
USD,2024-03-01,4.540000,percent,https://home.treasury.gov/resource-center/data-chart-center/interest-rates/daily-treasury-rates.csv/2024/all?type=daily_treasury_yield_curve&field_tdr_date_value=2024&page&_format=csv
USD,2024-03-04,4.610000,percent,https://home.treasury.gov/resource-center/data-chart-center/interest-rates/daily-treasury-rates.csv/2024/all?type=daily_treasury_yield_curve&field_tdr_date_value=2024&page&_format=csv
USD,2024-03-05,4.540000,percent,https://home.treasury.gov/resource-center/data-chart-center/interest-rates/daily-treasury-rates.csv/2024/all?type=daily_treasury_yield_curve&field_tdr_date_value=2024&page&_format=csv
USD,2024-03-06,4.550000,percent,https://home.treasury.gov/resource-center/data-chart-center/interest-rates/daily-treasury-rates.csv/2024/all?type=daily_treasury_yield_curve&field_tdr_date_value=2024&page&_format=csv
USD,2024-03-07,4.500000,percent,https://home.treasury.gov/resource-center/data-chart-center/interest-rates/daily-treasury-rates.csv/2024/all?type=daily_treasury_yield_curve&field_tdr_date_value=2024&page&_format=csv
USD,2024-03-08,4.480000,percent,https://home.treasury.gov/resource-center/data-chart-center/interest-rates/daily-treasury-rates.csv/2024/all?type=daily_treasury_yield_curve&field_tdr_date_value=2024&page&_format=csv
USD,2024-03-11,4.510000,percent,https://home.treasury.gov/resource-center/data-chart-center/interest-rates/daily-treasury-rates.csv/2024/all?type=daily_treasury_yield_curve&field_tdr_date_value=2024&page&_format=csv
USD,2024-03-12,4.580000,percent,https://home.treasury.gov/resource-center/data-chart-center/interest-rates/daily-treasury-rates.csv/2024/all?type=daily_treasury_yield_curve&field_tdr_date_value=2024&page&_format=csv
USD,2024-03-13,4.610000,percent,https://home.treasury.gov/resource-center/data-chart-center/interest-rates/daily-treasury-rates.csv/2024/all?type=daily_treasury_yield_curve&field_tdr_date_value=2024&page&_format=csv
USD,2024-03-14,4.680000,percent,https://home.treasury.gov/resource-center/data-chart-center/interest-rates/daily-treasury-rates.csv/2024/all?type=daily_treasury_yield_curve&field_tdr_date_value=2024&page&_format=csv
USD,2024-03-15,4.720000,percent,https://home.treasury.gov/resource-center/data-chart-center/interest-rates/daily-treasury-rates.csv/2024/all?type=daily_treasury_yield_curve&field_tdr_date_value=2024&page&_format=csv
USD,2024-03-18,4.730000,percent,https://home.treasury.gov/resource-center/data-chart-center/interest-rates/daily-treasury-rates.csv/2024/all?type=daily_treasury_yield_curve&field_tdr_date_value=2024&page&_format=csv
USD,2024-03-19,4.680000,percent,https://home.treasury.gov/resource-center/data-chart-center/interest-rates/daily-treasury-rates.csv/2024/all?type=daily_treasury_yield_curve&field_tdr_date_value=2024&page&_format=csv
USD,2024-03-20,4.590000,percent,https://home.treasury.gov/resource-center/data-chart-center/interest-rates/daily-treasury-rates.csv/2024/all?type=daily_treasury_yield_curve&field_tdr_date_value=2024&page&_format=csv
USD,2024-03-21,4.620000,percent,https://home.treasury.gov/resource-center/data-chart-center/interest-rates/daily-treasury-rates.csv/2024/all?type=daily_treasury_yield_curve&field_tdr_date_value=2024&page&_format=csv
USD,2024-03-22,4.590000,percent,https://home.treasury.gov/resource-center/data-chart-center/interest-rates/daily-treasury-rates.csv/2024/all?type=daily_treasury_yield_curve&field_tdr_date_value=2024&page&_format=csv
USD,2024-03-25,4.540000,percent,https://home.treasury.gov/resource-center/data-chart-center/interest-rates/daily-treasury-rates.csv/2024/all?type=daily_treasury_yield_curve&field_tdr_date_value=2024&page&_format=csv
USD,2024-03-26,4.560000,percent,https://home.treasury.gov/resource-center/data-chart-center/interest-rates/daily-treasury-rates.csv/2024/all?type=daily_treasury_yield_curve&field_tdr_date_value=2024&page&_format=csv
USD,2024-03-27,4.540000,percent,https://home.treasury.gov/resource-center/data-chart-center/interest-rates/daily-treasury-rates.csv/2024/all?type=daily_treasury_yield_curve&field_tdr_date_value=2024&page&_format=csv
USD,2024-03-28,4.590000,percent,https://home.treasury.gov/resource-center/data-chart-center/interest-rates/daily-treasury-rates.csv/2024/all?type=daily_treasury_yield_curve&field_tdr_date_value=2024&page&_format=csv
USD,2024-04-01,4.720000,percent,https://home.treasury.gov/resource-center/data-chart-center/interest-rates/daily-treasury-rates.csv/2024/all?type=daily_treasury_yield_curve&field_tdr_date_value=2024&page&_format=csv
USD,2024-04-02,4.700000,percent,https://home.treasury.gov/resource-center/data-chart-center/interest-rates/daily-treasury-rates.csv/2024/all?type=daily_treasury_yield_curve&field_tdr_date_value=2024&page&_format=csv
USD,2024-04-03,4.680000,percent,https://home.treasury.gov/resource-center/data-chart-center/interest-rates/daily-treasury-rates.csv/2024/all?type=daily_treasury_yield_curve&field_tdr_date_value=2024&page&_format=csv
USD,2024-04-04,4.650000,percent,https://home.treasury.gov/resource-center/data-chart-center/interest-rates/daily-treasury-rates.csv/2024/all?type=daily_treasury_yield_curve&field_tdr_date_value=2024&page&_format=csv
USD,2024-04-05,4.730000,percent,https://home.treasury.gov/resource-center/data-chart-center/interest-rates/daily-treasury-rates.csv/2024/all?type=daily_treasury_yield_curve&field_tdr_date_value=2024&page&_format=csv
USD,2024-04-08,4.780000,percent,https://home.treasury.gov/resource-center/data-chart-center/interest-rates/daily-treasury-rates.csv/2024/all?type=daily_treasury_yield_curve&field_tdr_date_value=2024&page&_format=csv
USD,2024-04-09,4.740000,percent,https://home.treasury.gov/resource-center/data-chart-center/interest-rates/daily-treasury-rates.csv/2024/all?type=daily_treasury_yield_curve&field_tdr_date_value=2024&page&_format=csv
USD,2024-04-10,4.970000,percent,https://home.treasury.gov/resource-center/data-chart-center/interest-rates/daily-treasury-rates.csv/2024/all?type=daily_treasury_yield_curve&field_tdr_date_value=2024&page&_format=csv
USD,2024-04-11,4.930000,percent,https://home.treasury.gov/resource-center/data-chart-center/interest-rates/daily-treasury-rates.csv/2024/all?type=daily_treasury_yield_curve&field_tdr_date_value=2024&page&_format=csv
USD,2024-04-12,4.880000,percent,https://home.treasury.gov/resource-center/data-chart-center/interest-rates/daily-treasury-rates.csv/2024/all?type=daily_treasury_yield_curve&field_tdr_date_value=2024&page&_format=csv
USD,2024-04-15,4.930000,percent,https://home.treasury.gov/resource-center/data-chart-center/interest-rates/daily-treasury-rates.csv/2024/all?type=daily_treasury_yield_curve&field_tdr_date_value=2024&page&_format=csv
USD,2024-04-16,4.970000,percent,https://home.treasury.gov/resource-center/data-chart-center/interest-rates/daily-treasury-rates.csv/2024/all?type=daily_treasury_yield_curve&field_tdr_date_value=2024&page&_format=csv
USD,2024-04-17,4.930000,percent,https://home.treasury.gov/resource-center/data-chart-center/interest-rates/daily-treasury-rates.csv/2024/all?type=daily_treasury_yield_curve&field_tdr_date_value=2024&page&_format=csv
USD,2024-04-18,4.980000,percent,https://home.treasury.gov/resource-center/data-chart-center/interest-rates/daily-treasury-rates.csv/2024/all?type=daily_treasury_yield_curve&field_tdr_date_value=2024&page&_format=csv
USD,2024-04-19,4.970000,percent,https://home.treasury.gov/resource-center/data-chart-center/interest-rates/daily-treasury-rates.csv/2024/all?type=daily_treasury_yield_curve&field_tdr_date_value=2024&page&_format=csv
USD,2024-04-22,4.970000,percent,https://home.treasury.gov/resource-center/data-chart-center/interest-rates/daily-treasury-rates.csv/2024/all?type=daily_treasury_yield_curve&field_tdr_date_value=2024&page&_format=csv
USD,2024-04-23,4.860000,percent,https://home.treasury.gov/resource-center/data-chart-center/interest-rates/daily-treasury-rates.csv/2024/all?type=daily_treasury_yield_curve&field_tdr_date_value=2024&page&_format=csv
USD,2024-04-24,4.890000,percent,https://home.treasury.gov/resource-center/data-chart-center/interest-rates/daily-treasury-rates.csv/2024/all?type=daily_treasury_yield_curve&field_tdr_date_value=2024&page&_format=csv
USD,2024-04-25,4.960000,percent,https://home.treasury.gov/resource-center/data-chart-center/interest-rates/daily-treasury-rates.csv/2024/all?type=daily_treasury_yield_curve&field_tdr_date_value=2024&page&_format=csv
USD,2024-04-26,4.960000,percent,https://home.treasury.gov/resource-center/data-chart-center/interest-rates/daily-treasury-rates.csv/2024/all?type=daily_treasury_yield_curve&field_tdr_date_value=2024&page&_format=csv
USD,2024-04-29,4.970000,percent,https://home.treasury.gov/resource-center/data-chart-center/interest-rates/daily-treasury-rates.csv/2024/all?type=daily_treasury_yield_curve&field_tdr_date_value=2024&page&_format=csv
USD,2024-04-30,5.040000,percent,https://home.treasury.gov/resource-center/data-chart-center/interest-rates/daily-treasury-rates.csv/2024/all?type=daily_treasury_yield_curve&field_tdr_date_value=2024&page&_format=csv
USD,2024-05-01,4.960000,percent,https://home.treasury.gov/resource-center/data-chart-center/interest-rates/daily-treasury-rates.csv/2024/all?type=daily_treasury_yield_curve&field_tdr_date_value=2024&page&_format=csv
USD,2024-05-02,4.870000,percent,https://home.treasury.gov/resource-center/data-chart-center/interest-rates/daily-treasury-rates.csv/2024/all?type=daily_treasury_yield_curve&field_tdr_date_value=2024&page&_format=csv
USD,2024-05-03,4.810000,percent,https://home.treasury.gov/resource-center/data-chart-center/interest-rates/daily-treasury-rates.csv/2024/all?type=daily_treasury_yield_curve&field_tdr_date_value=2024&page&_format=csv
USD,2024-05-06,4.820000,percent,https://home.treasury.gov/resource-center/data-chart-center/interest-rates/daily-treasury-rates.csv/2024/all?type=daily_treasury_yield_curve&field_tdr_date_value=2024&page&_format=csv
USD,2024-05-07,4.820000,percent,https://home.treasury.gov/resource-center/data-chart-center/interest-rates/daily-treasury-rates.csv/2024/all?type=daily_treasury_yield_curve&field_tdr_date_value=2024&page&_format=csv
USD,2024-05-08,4.840000,percent,https://home.treasury.gov/resource-center/data-chart-center/interest-rates/daily-treasury-rates.csv/2024/all?type=daily_treasury_yield_curve&field_tdr_date_value=2024&page&_format=csv
USD,2024-05-09,4.800000,percent,https://home.treasury.gov/resource-center/data-chart-center/interest-rates/daily-treasury-rates.csv/2024/all?type=daily_treasury_yield_curve&field_tdr_date_value=2024&page&_format=csv
USD,2024-05-10,4.870000,percent,https://home.treasury.gov/resource-center/data-chart-center/interest-rates/daily-treasury-rates.csv/2024/all?type=daily_treasury_yield_curve&field_tdr_date_value=2024&page&_format=csv
USD,2024-05-13,4.850000,percent,https://home.treasury.gov/resource-center/data-chart-center/interest-rates/daily-treasury-rates.csv/2024/all?type=daily_treasury_yield_curve&field_tdr_date_value=2024&page&_format=csv
USD,2024-05-14,4.810000,percent,https://home.treasury.gov/resource-center/data-chart-center/interest-rates/daily-treasury-rates.csv/2024/all?type=daily_treasury_yield_curve&field_tdr_date_value=2024&page&_format=csv
USD,2024-05-15,4.730000,percent,https://home.treasury.gov/resource-center/data-chart-center/interest-rates/daily-treasury-rates.csv/2024/all?type=daily_treasury_yield_curve&field_tdr_date_value=2024&page&_format=csv
USD,2024-05-16,4.780000,percent,https://home.treasury.gov/resource-center/data-chart-center/interest-rates/daily-treasury-rates.csv/2024/all?type=daily_treasury_yield_curve&field_tdr_date_value=2024&page&_format=csv
USD,2024-05-17,4.830000,percent,https://home.treasury.gov/resource-center/data-chart-center/interest-rates/daily-treasury-rates.csv/2024/all?type=daily_treasury_yield_curve&field_tdr_date_value=2024&page&_format=csv
USD,2024-05-20,4.820000,percent,https://home.treasury.gov/resource-center/data-chart-center/interest-rates/daily-treasury-rates.csv/2024/all?type=daily_treasury_yield_curve&field_tdr_date_value=2024&page&_format=csv
USD,2024-05-21,4.820000,percent,https://home.treasury.gov/resource-center/data-chart-center/interest-rates/daily-treasury-rates.csv/2024/all?type=daily_treasury_yield_curve&field_tdr_date_value=2024&page&_format=csv
USD,2024-05-22,4.860000,percent,https://home.treasury.gov/resource-center/data-chart-center/interest-rates/daily-treasury-rates.csv/2024/all?type=daily_treasury_yield_curve&field_tdr_date_value=2024&page&_format=csv
USD,2024-05-23,4.910000,percent,https://home.treasury.gov/resource-center/data-chart-center/interest-rates/daily-treasury-rates.csv/2024/all?type=daily_treasury_yield_curve&field_tdr_date_value=2024&page&_format=csv
USD,2024-05-24,4.930000,percent,https://home.treasury.gov/resource-center/data-chart-center/interest-rates/daily-treasury-rates.csv/2024/all?type=daily_treasury_yield_curve&field_tdr_date_value=2024&page&_format=csv
USD,2024-05-28,4.940000,percent,https://home.treasury.gov/resource-center/data-chart-center/interest-rates/daily-treasury-rates.csv/2024/all?type=daily_treasury_yield_curve&field_tdr_date_value=2024&page&_format=csv
USD,2024-05-29,4.960000,percent,https://home.treasury.gov/resource-center/data-chart-center/interest-rates/daily-treasury-rates.csv/2024/all?type=daily_treasury_yield_curve&field_tdr_date_value=2024&page&_format=csv
USD,2024-05-30,4.920000,percent,https://home.treasury.gov/resource-center/data-chart-center/interest-rates/daily-treasury-rates.csv/2024/all?type=daily_treasury_yield_curve&field_tdr_date_value=2024&page&_format=csv
USD,2024-05-31,4.890000,percent,https://home.treasury.gov/resource-center/data-chart-center/interest-rates/daily-treasury-rates.csv/2024/all?type=daily_treasury_yield_curve&field_tdr_date_value=2024&page&_format=csv
USD,2024-06-03,4.820000,percent,https://home.treasury.gov/resource-center/data-chart-center/interest-rates/daily-treasury-rates.csv/2024/all?type=daily_treasury_yield_curve&field_tdr_date_value=2024&page&_format=csv
USD,2024-06-04,4.770000,percent,https://home.treasury.gov/resource-center/data-chart-center/interest-rates/daily-treasury-rates.csv/2024/all?type=daily_treasury_yield_curve&field_tdr_date_value=2024&page&_format=csv
USD,2024-06-05,4.720000,percent,https://home.treasury.gov/resource-center/data-chart-center/interest-rates/daily-treasury-rates.csv/2024/all?type=daily_treasury_yield_curve&field_tdr_date_value=2024&page&_format=csv
USD,2024-06-06,4.720000,percent,https://home.treasury.gov/resource-center/data-chart-center/interest-rates/daily-treasury-rates.csv/2024/all?type=daily_treasury_yield_curve&field_tdr_date_value=2024&page&_format=csv
USD,2024-06-07,4.870000,percent,https://home.treasury.gov/resource-center/data-chart-center/interest-rates/daily-treasury-rates.csv/2024/all?type=daily_treasury_yield_curve&field_tdr_date_value=2024&page&_format=csv
USD,2024-06-10,4.870000,percent,https://home.treasury.gov/resource-center/data-chart-center/interest-rates/daily-treasury-rates.csv/2024/all?type=daily_treasury_yield_curve&field_tdr_date_value=2024&page&_format=csv
USD,2024-06-11,4.810000,percent,https://home.treasury.gov/resource-center/data-chart-center/interest-rates/daily-treasury-rates.csv/2024/all?type=daily_treasury_yield_curve&field_tdr_date_value=2024&page&_format=csv
USD,2024-06-12,4.750000,percent,https://home.treasury.gov/resource-center/data-chart-center/interest-rates/daily-treasury-rates.csv/2024/all?type=daily_treasury_yield_curve&field_tdr_date_value=2024&page&_format=csv
USD,2024-06-13,4.680000,percent,https://home.treasury.gov/resource-center/data-chart-center/interest-rates/daily-treasury-rates.csv/2024/all?type=daily_treasury_yield_curve&field_tdr_date_value=2024&page&_format=csv
USD,2024-06-14,4.670000,percent,https://home.treasury.gov/resource-center/data-chart-center/interest-rates/daily-treasury-rates.csv/2024/all?type=daily_treasury_yield_curve&field_tdr_date_value=2024&page&_format=csv
USD,2024-06-17,4.750000,percent,https://home.treasury.gov/resource-center/data-chart-center/interest-rates/daily-treasury-rates.csv/2024/all?type=daily_treasury_yield_curve&field_tdr_date_value=2024&page&_format=csv
USD,2024-06-18,4.690000,percent,https://home.treasury.gov/resource-center/data-chart-center/interest-rates/daily-treasury-rates.csv/2024/all?type=daily_treasury_yield_curve&field_tdr_date_value=2024&page&_format=csv
USD,2024-06-20,4.700000,percent,https://home.treasury.gov/resource-center/data-chart-center/interest-rates/daily-treasury-rates.csv/2024/all?type=daily_treasury_yield_curve&field_tdr_date_value=2024&page&_format=csv
USD,2024-06-21,4.700000,percent,https://home.treasury.gov/resource-center/data-chart-center/interest-rates/daily-treasury-rates.csv/2024/all?type=daily_treasury_yield_curve&field_tdr_date_value=2024&page&_format=csv
USD,2024-06-24,4.710000,percent,https://home.treasury.gov/resource-center/data-chart-center/interest-rates/daily-treasury-rates.csv/2024/all?type=daily_treasury_yield_curve&field_tdr_date_value=2024&page&_format=csv
USD,2024-06-25,4.650000,percent,https://home.treasury.gov/resource-center/data-chart-center/interest-rates/daily-treasury-rates.csv/2024/all?type=daily_treasury_yield_curve&field_tdr_date_value=2024&page&_format=csv
USD,2024-06-26,4.710000,percent,https://home.treasury.gov/resource-center/data-chart-center/interest-rates/daily-treasury-rates.csv/2024/all?type=daily_treasury_yield_curve&field_tdr_date_value=2024&page&_format=csv
USD,2024-06-27,4.700000,percent,https://home.treasury.gov/resource-center/data-chart-center/interest-rates/daily-treasury-rates.csv/2024/all?type=daily_treasury_yield_curve&field_tdr_date_value=2024&page&_format=csv
USD,2024-06-28,4.710000,percent,https://home.treasury.gov/resource-center/data-chart-center/interest-rates/daily-treasury-rates.csv/2024/all?type=daily_treasury_yield_curve&field_tdr_date_value=2024&page&_format=csv
USD,2024-07-01,4.770000,percent,https://home.treasury.gov/resource-center/data-chart-center/interest-rates/daily-treasury-rates.csv/2024/all?type=daily_treasury_yield_curve&field_tdr_date_value=2024&page&_format=csv
USD,2024-07-02,4.740000,percent,https://home.treasury.gov/resource-center/data-chart-center/interest-rates/daily-treasury-rates.csv/2024/all?type=daily_treasury_yield_curve&field_tdr_date_value=2024&page&_format=csv
USD,2024-07-03,4.710000,percent,https://home.treasury.gov/resource-center/data-chart-center/interest-rates/daily-treasury-rates.csv/2024/all?type=daily_treasury_yield_curve&field_tdr_date_value=2024&page&_format=csv
USD,2024-07-05,4.600000,percent,https://home.treasury.gov/resource-center/data-chart-center/interest-rates/daily-treasury-rates.csv/2024/all?type=daily_treasury_yield_curve&field_tdr_date_value=2024&page&_format=csv
USD,2024-07-08,4.620000,percent,https://home.treasury.gov/resource-center/data-chart-center/interest-rates/daily-treasury-rates.csv/2024/all?type=daily_treasury_yield_curve&field_tdr_date_value=2024&page&_format=csv
USD,2024-07-09,4.620000,percent,https://home.treasury.gov/resource-center/data-chart-center/interest-rates/daily-treasury-rates.csv/2024/all?type=daily_treasury_yield_curve&field_tdr_date_value=2024&page&_format=csv
USD,2024-07-10,4.620000,percent,https://home.treasury.gov/resource-center/data-chart-center/interest-rates/daily-treasury-rates.csv/2024/all?type=daily_treasury_yield_curve&field_tdr_date_value=2024&page&_format=csv
USD,2024-07-11,4.500000,percent,https://home.treasury.gov/resource-center/data-chart-center/interest-rates/daily-treasury-rates.csv/2024/all?type=daily_treasury_yield_curve&field_tdr_date_value=2024&page&_format=csv
USD,2024-07-12,4.450000,percent,https://home.treasury.gov/resource-center/data-chart-center/interest-rates/daily-treasury-rates.csv/2024/all?type=daily_treasury_yield_curve&field_tdr_date_value=2024&page&_format=csv
USD,2024-07-15,4.440000,percent,https://home.treasury.gov/resource-center/data-chart-center/interest-rates/daily-treasury-rates.csv/2024/all?type=daily_treasury_yield_curve&field_tdr_date_value=2024&page&_format=csv
USD,2024-07-16,4.430000,percent,https://home.treasury.gov/resource-center/data-chart-center/interest-rates/daily-treasury-rates.csv/2024/all?type=daily_treasury_yield_curve&field_tdr_date_value=2024&page&_format=csv
USD,2024-07-17,4.420000,percent,https://home.treasury.gov/resource-center/data-chart-center/interest-rates/daily-treasury-rates.csv/2024/all?type=daily_treasury_yield_curve&field_tdr_date_value=2024&page&_format=csv
USD,2024-07-18,4.460000,percent,https://home.treasury.gov/resource-center/data-chart-center/interest-rates/daily-treasury-rates.csv/2024/all?type=daily_treasury_yield_curve&field_tdr_date_value=2024&page&_format=csv
USD,2024-07-19,4.490000,percent,https://home.treasury.gov/resource-center/data-chart-center/interest-rates/daily-treasury-rates.csv/2024/all?type=daily_treasury_yield_curve&field_tdr_date_value=2024&page&_format=csv
USD,2024-07-22,4.500000,percent,https://home.treasury.gov/resource-center/data-chart-center/interest-rates/daily-treasury-rates.csv/2024/all?type=daily_treasury_yield_curve&field_tdr_date_value=2024&page&_format=csv
USD,2024-07-23,4.400000,percent,https://home.treasury.gov/resource-center/data-chart-center/interest-rates/daily-treasury-rates.csv/2024/all?type=daily_treasury_yield_curve&field_tdr_date_value=2024&page&_format=csv
USD,2024-07-24,4.370000,percent,https://home.treasury.gov/resource-center/data-chart-center/interest-rates/daily-treasury-rates.csv/2024/all?type=daily_treasury_yield_curve&field_tdr_date_value=2024&page&_format=csv
USD,2024-07-25,4.410000,percent,https://home.treasury.gov/resource-center/data-chart-center/interest-rates/daily-treasury-rates.csv/2024/all?type=daily_treasury_yield_curve&field_tdr_date_value=2024&page&_format=csv
USD,2024-07-26,4.360000,percent,https://home.treasury.gov/resource-center/data-chart-center/interest-rates/daily-treasury-rates.csv/2024/all?type=daily_treasury_yield_curve&field_tdr_date_value=2024&page&_format=csv
USD,2024-07-29,4.360000,percent,https://home.treasury.gov/resource-center/data-chart-center/interest-rates/daily-treasury-rates.csv/2024/all?type=daily_treasury_yield_curve&field_tdr_date_value=2024&page&_format=csv
USD,2024-07-30,4.350000,percent,https://home.treasury.gov/resource-center/data-chart-center/interest-rates/daily-treasury-rates.csv/2024/all?type=daily_treasury_yield_curve&field_tdr_date_value=2024&page&_format=csv
USD,2024-07-31,4.290000,percent,https://home.treasury.gov/resource-center/data-chart-center/interest-rates/daily-treasury-rates.csv/2024/all?type=daily_treasury_yield_curve&field_tdr_date_value=2024&page&_format=csv
USD,2024-08-01,4.160000,percent,https://home.treasury.gov/resource-center/data-chart-center/interest-rates/daily-treasury-rates.csv/2024/all?type=daily_treasury_yield_curve&field_tdr_date_value=2024&page&_format=csv
USD,2024-08-02,3.880000,percent,https://home.treasury.gov/resource-center/data-chart-center/interest-rates/daily-treasury-rates.csv/2024/all?type=daily_treasury_yield_curve&field_tdr_date_value=2024&page&_format=csv
USD,2024-08-05,3.890000,percent,https://home.treasury.gov/resource-center/data-chart-center/interest-rates/daily-treasury-rates.csv/2024/all?type=daily_treasury_yield_curve&field_tdr_date_value=2024&page&_format=csv
USD,2024-08-06,3.990000,percent,https://home.treasury.gov/resource-center/data-chart-center/interest-rates/daily-treasury-rates.csv/2024/all?type=daily_treasury_yield_curve&field_tdr_date_value=2024&page&_format=csv
USD,2024-08-07,4.000000,percent,https://home.treasury.gov/resource-center/data-chart-center/interest-rates/daily-treasury-rates.csv/2024/all?type=daily_treasury_yield_curve&field_tdr_date_value=2024&page&_format=csv
USD,2024-08-08,4.040000,percent,https://home.treasury.gov/resource-center/data-chart-center/interest-rates/daily-treasury-rates.csv/2024/all?type=daily_treasury_yield_curve&field_tdr_date_value=2024&page&_format=csv
USD,2024-08-09,4.050000,percent,https://home.treasury.gov/resource-center/data-chart-center/interest-rates/daily-treasury-rates.csv/2024/all?type=daily_treasury_yield_curve&field_tdr_date_value=2024&page&_format=csv
USD,2024-08-12,4.010000,percent,https://home.treasury.gov/resource-center/data-chart-center/interest-rates/daily-treasury-rates.csv/2024/all?type=daily_treasury_yield_curve&field_tdr_date_value=2024&page&_format=csv
USD,2024-08-13,3.930000,percent,https://home.treasury.gov/resource-center/data-chart-center/interest-rates/daily-treasury-rates.csv/2024/all?type=daily_treasury_yield_curve&field_tdr_date_value=2024&page&_format=csv
USD,2024-08-14,3.940000,percent,https://home.treasury.gov/resource-center/data-chart-center/interest-rates/daily-treasury-rates.csv/2024/all?type=daily_treasury_yield_curve&field_tdr_date_value=2024&page&_format=csv
USD,2024-08-15,4.080000,percent,https://home.treasury.gov/resource-center/data-chart-center/interest-rates/daily-treasury-rates.csv/2024/all?type=daily_treasury_yield_curve&field_tdr_date_value=2024&page&_format=csv
USD,2024-08-16,4.060000,percent,https://home.treasury.gov/resource-center/data-chart-center/interest-rates/daily-treasury-rates.csv/2024/all?type=daily_treasury_yield_curve&field_tdr_date_value=2024&page&_format=csv
USD,2024-08-19,4.060000,percent,https://home.treasury.gov/resource-center/data-chart-center/interest-rates/daily-treasury-rates.csv/2024/all?type=daily_treasury_yield_curve&field_tdr_date_value=2024&page&_format=csv
USD,2024-08-20,3.990000,percent,https://home.treasury.gov/resource-center/data-chart-center/interest-rates/daily-treasury-rates.csv/2024/all?type=daily_treasury_yield_curve&field_tdr_date_value=2024&page&_format=csv
USD,2024-08-21,3.920000,percent,https://home.treasury.gov/resource-center/data-chart-center/interest-rates/daily-treasury-rates.csv/2024/all?type=daily_treasury_yield_curve&field_tdr_date_value=2024&page&_format=csv
USD,2024-08-22,3.990000,percent,https://home.treasury.gov/resource-center/data-chart-center/interest-rates/daily-treasury-rates.csv/2024/all?type=daily_treasury_yield_curve&field_tdr_date_value=2024&page&_format=csv
USD,2024-08-23,3.900000,percent,https://home.treasury.gov/resource-center/data-chart-center/interest-rates/daily-treasury-rates.csv/2024/all?type=daily_treasury_yield_curve&field_tdr_date_value=2024&page&_format=csv
USD,2024-08-26,3.910000,percent,https://home.treasury.gov/resource-center/data-chart-center/interest-rates/daily-treasury-rates.csv/2024/all?type=daily_treasury_yield_curve&field_tdr_date_value=2024&page&_format=csv
USD,2024-08-27,3.830000,percent,https://home.treasury.gov/resource-center/data-chart-center/interest-rates/daily-treasury-rates.csv/2024/all?type=daily_treasury_yield_curve&field_tdr_date_value=2024&page&_format=csv
USD,2024-08-28,3.830000,percent,https://home.treasury.gov/resource-center/data-chart-center/interest-rates/daily-treasury-rates.csv/2024/all?type=daily_treasury_yield_curve&field_tdr_date_value=2024&page&_format=csv
USD,2024-08-29,3.870000,percent,https://home.treasury.gov/resource-center/data-chart-center/interest-rates/daily-treasury-rates.csv/2024/all?type=daily_treasury_yield_curve&field_tdr_date_value=2024&page&_format=csv
USD,2024-08-30,3.910000,percent,https://home.treasury.gov/resource-center/data-chart-center/interest-rates/daily-treasury-rates.csv/2024/all?type=daily_treasury_yield_curve&field_tdr_date_value=2024&page&_format=csv
USD,2024-09-03,3.880000,percent,https://home.treasury.gov/resource-center/data-chart-center/interest-rates/daily-treasury-rates.csv/2024/all?type=daily_treasury_yield_curve&field_tdr_date_value=2024&page&_format=csv
USD,2024-09-04,3.760000,percent,https://home.treasury.gov/resource-center/data-chart-center/interest-rates/daily-treasury-rates.csv/2024/all?type=daily_treasury_yield_curve&field_tdr_date_value=2024&page&_format=csv
USD,2024-09-05,3.750000,percent,https://home.treasury.gov/resource-center/data-chart-center/interest-rates/daily-treasury-rates.csv/2024/all?type=daily_treasury_yield_curve&field_tdr_date_value=2024&page&_format=csv
USD,2024-09-06,3.660000,percent,https://home.treasury.gov/resource-center/data-chart-center/interest-rates/daily-treasury-rates.csv/2024/all?type=daily_treasury_yield_curve&field_tdr_date_value=2024&page&_format=csv
USD,2024-09-09,3.680000,percent,https://home.treasury.gov/resource-center/data-chart-center/interest-rates/daily-treasury-rates.csv/2024/all?type=daily_treasury_yield_curve&field_tdr_date_value=2024&page&_format=csv
USD,2024-09-10,3.590000,percent,https://home.treasury.gov/resource-center/data-chart-center/interest-rates/daily-treasury-rates.csv/2024/all?type=daily_treasury_yield_curve&field_tdr_date_value=2024&page&_format=csv
USD,2024-09-11,3.620000,percent,https://home.treasury.gov/resource-center/data-chart-center/interest-rates/daily-treasury-rates.csv/2024/all?type=daily_treasury_yield_curve&field_tdr_date_value=2024&page&_format=csv
USD,2024-09-12,3.640000,percent,https://home.treasury.gov/resource-center/data-chart-center/interest-rates/daily-treasury-rates.csv/2024/all?type=daily_treasury_yield_curve&field_tdr_date_value=2024&page&_format=csv
USD,2024-09-13,3.570000,percent,https://home.treasury.gov/resource-center/data-chart-center/interest-rates/daily-treasury-rates.csv/2024/all?type=daily_treasury_yield_curve&field_tdr_date_value=2024&page&_format=csv
USD,2024-09-16,3.560000,percent,https://home.treasury.gov/resource-center/data-chart-center/interest-rates/daily-treasury-rates.csv/2024/all?type=daily_treasury_yield_curve&field_tdr_date_value=2024&page&_format=csv
USD,2024-09-17,3.590000,percent,https://home.treasury.gov/resource-center/data-chart-center/interest-rates/daily-treasury-rates.csv/2024/all?type=daily_treasury_yield_curve&field_tdr_date_value=2024&page&_format=csv
USD,2024-09-18,3.610000,percent,https://home.treasury.gov/resource-center/data-chart-center/interest-rates/daily-treasury-rates.csv/2024/all?type=daily_treasury_yield_curve&field_tdr_date_value=2024&page&_format=csv
USD,2024-09-19,3.590000,percent,https://home.treasury.gov/resource-center/data-chart-center/interest-rates/daily-treasury-rates.csv/2024/all?type=daily_treasury_yield_curve&field_tdr_date_value=2024&page&_format=csv
USD,2024-09-20,3.550000,percent,https://home.treasury.gov/resource-center/data-chart-center/interest-rates/daily-treasury-rates.csv/2024/all?type=daily_treasury_yield_curve&field_tdr_date_value=2024&page&_format=csv
USD,2024-09-23,3.570000,percent,https://home.treasury.gov/resource-center/data-chart-center/interest-rates/daily-treasury-rates.csv/2024/all?type=daily_treasury_yield_curve&field_tdr_date_value=2024&page&_format=csv
USD,2024-09-24,3.490000,percent,https://home.treasury.gov/resource-center/data-chart-center/interest-rates/daily-treasury-rates.csv/2024/all?type=daily_treasury_yield_curve&field_tdr_date_value=2024&page&_format=csv
USD,2024-09-25,3.530000,percent,https://home.treasury.gov/resource-center/data-chart-center/interest-rates/daily-treasury-rates.csv/2024/all?type=daily_treasury_yield_curve&field_tdr_date_value=2024&page&_format=csv
USD,2024-09-26,3.600000,percent,https://home.treasury.gov/resource-center/data-chart-center/interest-rates/daily-treasury-rates.csv/2024/all?type=daily_treasury_yield_curve&field_tdr_date_value=2024&page&_format=csv
USD,2024-09-27,3.550000,percent,https://home.treasury.gov/resource-center/data-chart-center/interest-rates/daily-treasury-rates.csv/2024/all?type=daily_treasury_yield_curve&field_tdr_date_value=2024&page&_format=csv
USD,2024-09-30,3.660000,percent,https://home.treasury.gov/resource-center/data-chart-center/interest-rates/daily-treasury-rates.csv/2024/all?type=daily_treasury_yield_curve&field_tdr_date_value=2024&page&_format=csv
USD,2024-10-01,3.610000,percent,https://home.treasury.gov/resource-center/data-chart-center/interest-rates/daily-treasury-rates.csv/2024/all?type=daily_treasury_yield_curve&field_tdr_date_value=2024&page&_format=csv
USD,2024-10-02,3.630000,percent,https://home.treasury.gov/resource-center/data-chart-center/interest-rates/daily-treasury-rates.csv/2024/all?type=daily_treasury_yield_curve&field_tdr_date_value=2024&page&_format=csv
USD,2024-10-03,3.700000,percent,https://home.treasury.gov/resource-center/data-chart-center/interest-rates/daily-treasury-rates.csv/2024/all?type=daily_treasury_yield_curve&field_tdr_date_value=2024&page&_format=csv
USD,2024-10-04,3.930000,percent,https://home.treasury.gov/resource-center/data-chart-center/interest-rates/daily-treasury-rates.csv/2024/all?type=daily_treasury_yield_curve&field_tdr_date_value=2024&page&_format=csv
USD,2024-10-07,3.990000,percent,https://home.treasury.gov/resource-center/data-chart-center/interest-rates/daily-treasury-rates.csv/2024/all?type=daily_treasury_yield_curve&field_tdr_date_value=2024&page&_format=csv
USD,2024-10-08,3.980000,percent,https://home.treasury.gov/resource-center/data-chart-center/interest-rates/daily-treasury-rates.csv/2024/all?type=daily_treasury_yield_curve&field_tdr_date_value=2024&page&_format=csv
USD,2024-10-09,3.990000,percent,https://home.treasury.gov/resource-center/data-chart-center/interest-rates/daily-treasury-rates.csv/2024/all?type=daily_treasury_yield_curve&field_tdr_date_value=2024&page&_format=csv
USD,2024-10-10,3.980000,percent,https://home.treasury.gov/resource-center/data-chart-center/interest-rates/daily-treasury-rates.csv/2024/all?type=daily_treasury_yield_curve&field_tdr_date_value=2024&page&_format=csv
USD,2024-10-11,3.950000,percent,https://home.treasury.gov/resource-center/data-chart-center/interest-rates/daily-treasury-rates.csv/2024/all?type=daily_treasury_yield_curve&field_tdr_date_value=2024&page&_format=csv
USD,2024-10-15,3.950000,percent,https://home.treasury.gov/resource-center/data-chart-center/interest-rates/daily-treasury-rates.csv/2024/all?type=daily_treasury_yield_curve&field_tdr_date_value=2024&page&_format=csv
USD,2024-10-16,3.930000,percent,https://home.treasury.gov/resource-center/data-chart-center/interest-rates/daily-treasury-rates.csv/2024/all?type=daily_treasury_yield_curve&field_tdr_date_value=2024&page&_format=csv
USD,2024-10-17,3.960000,percent,https://home.treasury.gov/resource-center/data-chart-center/interest-rates/daily-treasury-rates.csv/2024/all?type=daily_treasury_yield_curve&field_tdr_date_value=2024&page&_format=csv
USD,2024-10-18,3.950000,percent,https://home.treasury.gov/resource-center/data-chart-center/interest-rates/daily-treasury-rates.csv/2024/all?type=daily_treasury_yield_curve&field_tdr_date_value=2024&page&_format=csv
USD,2024-10-21,4.020000,percent,https://home.treasury.gov/resource-center/data-chart-center/interest-rates/daily-treasury-rates.csv/2024/all?type=daily_treasury_yield_curve&field_tdr_date_value=2024&page&_format=csv
USD,2024-10-22,4.030000,percent,https://home.treasury.gov/resource-center/data-chart-center/interest-rates/daily-treasury-rates.csv/2024/all?type=daily_treasury_yield_curve&field_tdr_date_value=2024&page&_format=csv
USD,2024-10-23,4.070000,percent,https://home.treasury.gov/resource-center/data-chart-center/interest-rates/daily-treasury-rates.csv/2024/all?type=daily_treasury_yield_curve&field_tdr_date_value=2024&page&_format=csv
USD,2024-10-24,4.070000,percent,https://home.treasury.gov/resource-center/data-chart-center/interest-rates/daily-treasury-rates.csv/2024/all?type=daily_treasury_yield_curve&field_tdr_date_value=2024&page&_format=csv
USD,2024-10-25,4.110000,percent,https://home.treasury.gov/resource-center/data-chart-center/interest-rates/daily-treasury-rates.csv/2024/all?type=daily_treasury_yield_curve&field_tdr_date_value=2024&page&_format=csv
USD,2024-10-28,4.120000,percent,https://home.treasury.gov/resource-center/data-chart-center/interest-rates/daily-treasury-rates.csv/2024/all?type=daily_treasury_yield_curve&field_tdr_date_value=2024&page&_format=csv
USD,2024-10-29,4.110000,percent,https://home.treasury.gov/resource-center/data-chart-center/interest-rates/daily-treasury-rates.csv/2024/all?type=daily_treasury_yield_curve&field_tdr_date_value=2024&page&_format=csv
USD,2024-10-30,4.150000,percent,https://home.treasury.gov/resource-center/data-chart-center/interest-rates/daily-treasury-rates.csv/2024/all?type=daily_treasury_yield_curve&field_tdr_date_value=2024&page&_format=csv
USD,2024-10-31,4.160000,percent,https://home.treasury.gov/resource-center/data-chart-center/interest-rates/daily-treasury-rates.csv/2024/all?type=daily_treasury_yield_curve&field_tdr_date_value=2024&page&_format=csv
USD,2024-11-01,4.210000,percent,https://home.treasury.gov/resource-center/data-chart-center/interest-rates/daily-treasury-rates.csv/2024/all?type=daily_treasury_yield_curve&field_tdr_date_value=2024&page&_format=csv
USD,2024-11-04,4.170000,percent,https://home.treasury.gov/resource-center/data-chart-center/interest-rates/daily-treasury-rates.csv/2024/all?type=daily_treasury_yield_curve&field_tdr_date_value=2024&page&_format=csv
USD,2024-11-05,4.190000,percent,https://home.treasury.gov/resource-center/data-chart-center/interest-rates/daily-treasury-rates.csv/2024/all?type=daily_treasury_yield_curve&field_tdr_date_value=2024&page&_format=csv
USD,2024-11-06,4.270000,percent,https://home.treasury.gov/resource-center/data-chart-center/interest-rates/daily-treasury-rates.csv/2024/all?type=daily_treasury_yield_curve&field_tdr_date_value=2024&page&_format=csv
USD,2024-11-07,4.210000,percent,https://home.treasury.gov/resource-center/data-chart-center/interest-rates/daily-treasury-rates.csv/2024/all?type=daily_treasury_yield_curve&field_tdr_date_value=2024&page&_format=csv
USD,2024-11-08,4.260000,percent,https://home.treasury.gov/resource-center/data-chart-center/interest-rates/daily-treasury-rates.csv/2024/all?type=daily_treasury_yield_curve&field_tdr_date_value=2024&page&_format=csv
USD,2024-11-12,4.340000,percent,https://home.treasury.gov/resource-center/data-chart-center/interest-rates/daily-treasury-rates.csv/2024/all?type=daily_treasury_yield_curve&field_tdr_date_value=2024&page&_format=csv
USD,2024-11-13,4.270000,percent,https://home.treasury.gov/resource-center/data-chart-center/interest-rates/daily-treasury-rates.csv/2024/all?type=daily_treasury_yield_curve&field_tdr_date_value=2024&page&_format=csv
USD,2024-11-14,4.340000,percent,https://home.treasury.gov/resource-center/data-chart-center/interest-rates/daily-treasury-rates.csv/2024/all?type=daily_treasury_yield_curve&field_tdr_date_value=2024&page&_format=csv
USD,2024-11-15,4.310000,percent,https://home.treasury.gov/resource-center/data-chart-center/interest-rates/daily-treasury-rates.csv/2024/all?type=daily_treasury_yield_curve&field_tdr_date_value=2024&page&_format=csv
USD,2024-11-18,4.290000,percent,https://home.treasury.gov/resource-center/data-chart-center/interest-rates/daily-treasury-rates.csv/2024/all?type=daily_treasury_yield_curve&field_tdr_date_value=2024&page&_format=csv
USD,2024-11-19,4.270000,percent,https://home.treasury.gov/resource-center/data-chart-center/interest-rates/daily-treasury-rates.csv/2024/all?type=daily_treasury_yield_curve&field_tdr_date_value=2024&page&_format=csv
USD,2024-11-20,4.310000,percent,https://home.treasury.gov/resource-center/data-chart-center/interest-rates/daily-treasury-rates.csv/2024/all?type=daily_treasury_yield_curve&field_tdr_date_value=2024&page&_format=csv
USD,2024-11-21,4.340000,percent,https://home.treasury.gov/resource-center/data-chart-center/interest-rates/daily-treasury-rates.csv/2024/all?type=daily_treasury_yield_curve&field_tdr_date_value=2024&page&_format=csv
USD,2024-11-22,4.370000,percent,https://home.treasury.gov/resource-center/data-chart-center/interest-rates/daily-treasury-rates.csv/2024/all?type=daily_treasury_yield_curve&field_tdr_date_value=2024&page&_format=csv
USD,2024-11-25,4.210000,percent,https://home.treasury.gov/resource-center/data-chart-center/interest-rates/daily-treasury-rates.csv/2024/all?type=daily_treasury_yield_curve&field_tdr_date_value=2024&page&_format=csv
USD,2024-11-26,4.210000,percent,https://home.treasury.gov/resource-center/data-chart-center/interest-rates/daily-treasury-rates.csv/2024/all?type=daily_treasury_yield_curve&field_tdr_date_value=2024&page&_format=csv
USD,2024-11-27,4.190000,percent,https://home.treasury.gov/resource-center/data-chart-center/interest-rates/daily-treasury-rates.csv/2024/all?type=daily_treasury_yield_curve&field_tdr_date_value=2024&page&_format=csv
USD,2024-11-29,4.130000,percent,https://home.treasury.gov/resource-center/data-chart-center/interest-rates/daily-treasury-rates.csv/2024/all?type=daily_treasury_yield_curve&field_tdr_date_value=2024&page&_format=csv
USD,2024-12-02,4.170000,percent,https://home.treasury.gov/resource-center/data-chart-center/interest-rates/daily-treasury-rates.csv/2024/all?type=daily_treasury_yield_curve&field_tdr_date_value=2024&page&_format=csv
USD,2024-12-03,4.170000,percent,https://home.treasury.gov/resource-center/data-chart-center/interest-rates/daily-treasury-rates.csv/2024/all?type=daily_treasury_yield_curve&field_tdr_date_value=2024&page&_format=csv
USD,2024-12-04,4.130000,percent,https://home.treasury.gov/resource-center/data-chart-center/interest-rates/daily-treasury-rates.csv/2024/all?type=daily_treasury_yield_curve&field_tdr_date_value=2024&page&_format=csv
USD,2024-12-05,4.150000,percent,https://home.treasury.gov/resource-center/data-chart-center/interest-rates/daily-treasury-rates.csv/2024/all?type=daily_treasury_yield_curve&field_tdr_date_value=2024&page&_format=csv
USD,2024-12-06,4.100000,percent,https://home.treasury.gov/resource-center/data-chart-center/interest-rates/daily-treasury-rates.csv/2024/all?type=daily_treasury_yield_curve&field_tdr_date_value=2024&page&_format=csv
USD,2024-12-09,4.130000,percent,https://home.treasury.gov/resource-center/data-chart-center/interest-rates/daily-treasury-rates.csv/2024/all?type=daily_treasury_yield_curve&field_tdr_date_value=2024&page&_format=csv
USD,2024-12-10,4.150000,percent,https://home.treasury.gov/resource-center/data-chart-center/interest-rates/daily-treasury-rates.csv/2024/all?type=daily_treasury_yield_curve&field_tdr_date_value=2024&page&_format=csv
USD,2024-12-11,4.150000,percent,https://home.treasury.gov/resource-center/data-chart-center/interest-rates/daily-treasury-rates.csv/2024/all?type=daily_treasury_yield_curve&field_tdr_date_value=2024&page&_format=csv
USD,2024-12-12,4.180000,percent,https://home.treasury.gov/resource-center/data-chart-center/interest-rates/daily-treasury-rates.csv/2024/all?type=daily_treasury_yield_curve&field_tdr_date_value=2024&page&_format=csv
USD,2024-12-13,4.250000,percent,https://home.treasury.gov/resource-center/data-chart-center/interest-rates/daily-treasury-rates.csv/2024/all?type=daily_treasury_yield_curve&field_tdr_date_value=2024&page&_format=csv
USD,2024-12-16,4.250000,percent,https://home.treasury.gov/resource-center/data-chart-center/interest-rates/daily-treasury-rates.csv/2024/all?type=daily_treasury_yield_curve&field_tdr_date_value=2024&page&_format=csv
USD,2024-12-17,4.250000,percent,https://home.treasury.gov/resource-center/data-chart-center/interest-rates/daily-treasury-rates.csv/2024/all?type=daily_treasury_yield_curve&field_tdr_date_value=2024&page&_format=csv
USD,2024-12-18,4.350000,percent,https://home.treasury.gov/resource-center/data-chart-center/interest-rates/daily-treasury-rates.csv/2024/all?type=daily_treasury_yield_curve&field_tdr_date_value=2024&page&_format=csv
USD,2024-12-19,4.320000,percent,https://home.treasury.gov/resource-center/data-chart-center/interest-rates/daily-treasury-rates.csv/2024/all?type=daily_treasury_yield_curve&field_tdr_date_value=2024&page&_format=csv
USD,2024-12-20,4.300000,percent,https://home.treasury.gov/resource-center/data-chart-center/interest-rates/daily-treasury-rates.csv/2024/all?type=daily_treasury_yield_curve&field_tdr_date_value=2024&page&_format=csv
USD,2024-12-23,4.300000,percent,https://home.treasury.gov/resource-center/data-chart-center/interest-rates/daily-treasury-rates.csv/2024/all?type=daily_treasury_yield_curve&field_tdr_date_value=2024&page&_format=csv
USD,2024-12-24,4.290000,percent,https://home.treasury.gov/resource-center/data-chart-center/interest-rates/daily-treasury-rates.csv/2024/all?type=daily_treasury_yield_curve&field_tdr_date_value=2024&page&_format=csv
USD,2024-12-26,4.300000,percent,https://home.treasury.gov/resource-center/data-chart-center/interest-rates/daily-treasury-rates.csv/2024/all?type=daily_treasury_yield_curve&field_tdr_date_value=2024&page&_format=csv
USD,2024-12-27,4.310000,percent,https://home.treasury.gov/resource-center/data-chart-center/interest-rates/daily-treasury-rates.csv/2024/all?type=daily_treasury_yield_curve&field_tdr_date_value=2024&page&_format=csv
USD,2024-12-30,4.240000,percent,https://home.treasury.gov/resource-center/data-chart-center/interest-rates/daily-treasury-rates.csv/2024/all?type=daily_treasury_yield_curve&field_tdr_date_value=2024&page&_format=csv
USD,2024-12-31,4.250000,percent,https://home.treasury.gov/resource-center/data-chart-center/interest-rates/daily-treasury-rates.csv/2024/all?type=daily_treasury_yield_curve&field_tdr_date_value=2024&page&_format=csv
